"Abbot, Henry L. (Henry Larcom), 1831-1927.","Abbot, Henry L.",http://id.loc.gov/authorities/names/n85207541
"Abbott, Bud.","Abbott, Bud, 1895-1974",http://id.loc.gov/authorities/names/n81083801
"Abbott, James.","Whistler, James McNeill, 1834-1903",http://id.loc.gov/authorities/names/n79032293
"Abu Ayn, Ziyad.","Abū ʻAyn, Ziyād",http://id.loc.gov/authorities/names/n91063968
"Adams, Elizabeth S.","Adams, Elizabeth Stovall",http://id.loc.gov/authorities/names/n84083073
"Adams, R. C.","Adams, Charles R., 1834-1900",http://id.loc.gov/authorities/names/nr98010253
"Adenauer, Paul.","Adenauer, Konrad, 1876-1967",http://id.loc.gov/authorities/names/n80060444
"Adler, O.","Adler, Jacob, 1913-",http://id.loc.gov/authorities/names/n85135732
"Ahrens, Henry.","Ahrens, Heinrich, 1808-1874",http://id.loc.gov/authorities/names/n94041189
"Albright, William.","Albright, William Foxwell, 1891-1971",http://id.loc.gov/authorities/names/n50041030
"Aldrich, Frederick A.","Aldrich, Frederick A., 1927-1991",http://id.loc.gov/authorities/names/no2013106516
"Aldrich, R. J.","Aldrich, R. J. (Richard J.), 1925-",http://id.loc.gov/authorities/names/n82215672
"Alexander, John, 1891-","Macdonald, John Alexander, Sir, 1815-1891",http://id.loc.gov/authorities/names/n50041960
"Alexander, Robert, 1945-","Freidin, Robert",http://id.loc.gov/authorities/names/n90709932
"Alexander, William, 1938-","Hammond, William A. (William Alexander), 1861-1938",http://id.loc.gov/authorities/names/no2001073149
"Allen, Ada.",[LC link 404s],http://id.loc.gov/authorities/names/n2014009941
"Allen, D. C.","Allen, Joan, 1956-",http://id.loc.gov/authorities/names/n96035257
"Allen, Francis A.","Riddell, Francis A.",http://id.loc.gov/authorities/names/n92032925
"Allen, Shirley Walter, 1883-","Allen, Shirley Walter",http://id.loc.gov/authorities/names/nb90680619
"Allinson, Brent Dow.","Allinson, Brent D. (Brent Dow)",http://id.loc.gov/authorities/names/n90698902
"Amberg, David.","Amberg, David C.",http://id.loc.gov/authorities/names/n2004124521
"Anderson, Judith, Dame, 1898-","Anderson, Judith, 1897-1992",http://id.loc.gov/authorities/names/n82225115
"Anderson, N. Charles.","Anderson, Charles Palmerston, 1863-1930",http://id.loc.gov/authorities/names/no92032615
"Anderson, William J.","Anderson, William J. (William James), 1864-1900",http://id.loc.gov/authorities/names/n85305155
"Andrews, Harold F.","Andrews, Harold F. (Harold Fourdrinier)",http://id.loc.gov/authorities/names/n2014023440
"Angelo, Frank.","D'Angelo, Frank J.",http://id.loc.gov/authorities/names/n80007846
"Anthony, Edward.","Mackenzie, Compton, 1883-1972",http://id.loc.gov/authorities/names/n79071096
"Archer, Dennis.","Paine, Lauran",http://id.loc.gov/authorities/names/n80038417
"Arendt, Hannah.","Arendt, Hannah, 1906-1975",http://id.loc.gov/authorities/names/n50023617
"Arens, Richard.","Arens, Richard, 1921-",http://id.loc.gov/authorities/names/n84227657
"Armour, Norman.","Armour, Norman, 1887-1982",http://id.loc.gov/authorities/names/no2010194532
"Armstrong, Louis, 1900-1971.","Armstrong, Louis, 1901-1971",http://id.loc.gov/authorities/names/n50001506
"Arnold, Keith.","Mitchell, Keith, 1967-",http://id.loc.gov/authorities/names/no2010084719
"Ashley, H. W.","Ashley, William Henry, 1778-1838",http://id.loc.gov/authorities/names/n79099256
"Ashrawi, Hanan.","ʻAshrāwī, Ḥanān",http://id.loc.gov/authorities/names/n88168026
"Atkinson, William F.","Atkinson, William F., 1846-1907",http://id.loc.gov/authorities/names/n2010023014
"Attwood, Charles.","Attwood, C. (Charles)",http://id.loc.gov/authorities/names/n84801608
"Austin, Carolyn.","Eubank, Carolyn Austin, 1943-",http://id.loc.gov/authorities/names/n2006000187
"Bach, Barbara.","Bach, Johann Sebastian, 1685-1750",http://id.loc.gov/authorities/names/n79021425
"Backus, Standish.","Backus, Standish, 1910-1989",http://id.loc.gov/authorities/names/no2002013900
"Bader, Arno Lehman.","Bader, Arno L. (Arno Lehman)",http://id.loc.gov/authorities/names/no99075537
"Bagwell, Paul D.","Bagwell, Paul D. (Paul Douglas), 1913-1973",http://id.loc.gov/authorities/names/no2008190236
"Bailey, Tom.","Bailey, Tom, 1961-",http://id.loc.gov/authorities/names/n99041822
"Baker, Art.","Baker, Chet",http://id.loc.gov/authorities/names/n83174966
"Baker, Benjamin B., b. 1840.","Baker, Benjamin, Sir, 1840-1907",http://id.loc.gov/authorities/names/n88656253
"Baker, Deane.","Baker, Deane-Peter",http://id.loc.gov/authorities/names/nb2003112494
"Baker, William F.","Baker, F. W. G.",http://id.loc.gov/authorities/names/n86003435
"Baldwin, C. W.","Baldwin, William Charles",http://id.loc.gov/authorities/names/n82126547
"Baldwin, Charles.","Baldwin, Charles Sears, 1867-1935",http://id.loc.gov/authorities/names/n50017628
"Baldwin, Frank Dwight.","Baldwin, Frank Dwight, 1842-1923",http://id.loc.gov/authorities/names/n88154052
"Baldwin, R. W.","Lewis, R. W. B. (Richard Warrington Baldwin)",http://id.loc.gov/authorities/names/n50049593
"Ball, George W., 1909-","Ball, George W.",http://id.loc.gov/authorities/names/n50017234
"Bardwell, Jex.","Bardwell, Jex, 1824-1902",http://id.loc.gov/authorities/names/no2009169092
"Barnes, Douglas.","Barnes, Douglas R.",http://id.loc.gov/authorities/names/n50017454
"Barnes, Joseph.","Case, John, -1600",http://id.loc.gov/authorities/names/n84092353
"Barnett, Douglas.","Barnett, Correlli",http://id.loc.gov/authorities/names/n50017467
"Bartlett, Robert H.","Cunningham, Allan, 1784-1842",http://id.loc.gov/authorities/names/n82208573
"Bass, Louis.","Bass, W. L. (William Louis), 1865-",http://id.loc.gov/authorities/names/n91030879
"Bates, Harriet.","Putnam, Eleanor, 1856-1886",http://id.loc.gov/authorities/names/n88669175
"Baur, George.","Greenwood, G. B. (George Baur), 1912-1985",http://id.loc.gov/authorities/names/nb2004312323
"Beck, Joseph, 1887-","Beck, Josef, 1815-1887",http://id.loc.gov/authorities/names/no2009116853
"Becker, Herman.","Becker, James H. (James Herman), 1894-1970",http://id.loc.gov/authorities/names/n96015591
"Beeson, Lewis.","Beeson, Lewis, 1901-1975",http://id.loc.gov/authorities/names/no89011407
"Bell, Leon.","Bell, L. N. (Leon Natanovich)",http://id.loc.gov/authorities/names/n81021291
"Bell, Rob.","Bell, Rob, 1970-",http://id.loc.gov/authorities/names/n2005027103
"Bernstein, Leonard.","Bernstein, Leonard, 1918-1990",http://id.loc.gov/authorities/names/n50007704
"Bicknell, John W.","Stephen, Leslie, 1832-1904",http://id.loc.gov/authorities/names/n79114258
"Biddle, George.","Biddle, George, 1885-1973",http://id.loc.gov/authorities/names/n79139408
"Bigelow, Poultney, b.1855.","Bigelow, Poultney, 1855-1954",http://id.loc.gov/authorities/names/n88609362
"Binder, Charles.","Binder, Carl, 1816-1860",http://id.loc.gov/authorities/names/no2001033634
"Birkerts, Gunnar.","Birkerts, Sven",http://id.loc.gov/authorities/names/n86115535
"Bishop, Ronald.","Smith, Ronald Bishop",http://id.loc.gov/authorities/names/n50013207
"Blackwell, Walter.","Blackwell, Walter Rollston Lightbourne, 1890-1957",http://id.loc.gov/authorities/names/nr94006665
"Blake, Aldrich.","Aldrich-Blake, Louisa Brandreth, 1865-1925",http://id.loc.gov/authorities/names/no2004087662
"Blanco, Victor Manuel.","Blanco, V. M.",http://id.loc.gov/authorities/names/n88230281
"Bliss, William.","Carman, Bliss, 1861-1929",http://id.loc.gov/authorities/names/n50032563
"Blois, John T.","Blois, John T., 1809-1886",http://id.loc.gov/authorities/names/n80090518
"Bohr, David.","Bohr, Niels, 1885-1962",http://id.loc.gov/authorities/names/n50045711
"Bohr, Niels, 1885-1962.","Heisenberg, Werner, 1901-1976",http://id.loc.gov/authorities/names/n50029198
"Boren, John.","Boren, John J.",http://id.loc.gov/authorities/names/no91010491
"Borman, Paul.","Borman, Paul D.",http://id.loc.gov/authorities/names/n96093675
"Boston, William.","Steinberg, William, 1899-1978",http://id.loc.gov/authorities/names/no88003258
"Bourjaily, Vance Nye.","Bourjaily, Vance, 1922-2010",http://id.loc.gov/authorities/names/n50000912
"Bowen, John Edmund.","Bowen, E. J. (Edmund John), 1898-1980",http://id.loc.gov/authorities/names/n85186818
"Bowen, Ralph.","Hurst, Bob",http://id.loc.gov/authorities/names/n88647253
"Boyle, William M.","Boyle, William Marshall, 1902-1961",http://id.loc.gov/authorities/names/n99056138
"Braddock, Jim.","Braddock, James J. (James Joseph), 1905-1974",http://id.loc.gov/authorities/names/n2005000679
"Bradley, Richard.","Bradley, Richard, 1688-1732",http://id.loc.gov/authorities/names/n81043277
"Bradley, Ronald.","Gillam, Ronald B. (Ronald Bradley), 1955-",http://id.loc.gov/authorities/names/no91003655
"Brady, James.","Brady, James E., 1938-",http://id.loc.gov/authorities/names/n80046487
"Brady, Mathew B., 1823 (ca.)-1896.","Brady, Mathew B., approximately 1823-1896",http://id.loc.gov/authorities/names/n81140569
"Brandon, Arthur Leon.","Brandon, Arthur L. (Arthur Leon)",http://id.loc.gov/authorities/names/nb99029381
"Braxton, Anthony.","Holland, Dave, 1946-",http://id.loc.gov/authorities/names/n84163014
"Brennan, Thomas E.","Brennan, Thomas Edward",http://id.loc.gov/authorities/names/n86808553
"Brentano, Theodore.","Funck-Brentano, Th. (Théophile), 1830-1906",http://id.loc.gov/authorities/names/n86096933
"Brewer, Helen.","Brewer, Sarah",http://id.loc.gov/authorities/names/n96032902
"Bridgman, Howard Allen, 1860-1929.","Bridgman, H. A. (Howard A.)",http://id.loc.gov/authorities/names/n79150925
"Bristow, Gwen, 1903-","Ravendro, Ravi, 1879-1941",http://id.loc.gov/authorities/names/no92029762
"Britton, Frank.","Britton, Frank L.",http://id.loc.gov/authorities/names/n00085608
"Brookings, W. W.","Brookings, G. W., active 1900-1909",http://id.loc.gov/authorities/names/no2009135438
"Brooks, John W.","Brooks, J. W. (John W.), 1818 or 1819-1881",http://id.loc.gov/authorities/names/no89012727
"Brooks, Paul.","Taylor, Elizabeth, 1932-2011",http://id.loc.gov/authorities/names/n50009560
"Brown, Barnum.","Barnum, H. B.",http://id.loc.gov/authorities/names/n89668646
"Brown, Catherine.","Tkacz, Catherine Brown",http://id.loc.gov/authorities/names/n85262414
"Brown, Curtis.","Green Velvet, 1968-",http://id.loc.gov/authorities/names/n2003080021
"Brown, Frank R.","Brown, Frank R., 1943-",http://id.loc.gov/authorities/names/n86105500
"Brown, Harry J.","Brown, Harry J. (Harry John), 1972-",http://id.loc.gov/authorities/names/n00034122
"Brown, James J.","Brown, James, 1933-2006",http://id.loc.gov/authorities/names/n85266946
"Brown, Mabel.","Brown, Mabel Webster",http://id.loc.gov/authorities/names/no2011004473
"Brown, W. C. (William Carlos), 1853-1924.","Brown, William, 1854-1924",http://id.loc.gov/authorities/names/no2004067439
"Bruce, David Kirkpatrick Este.","Bruce, David K. E., 1898-1977",http://id.loc.gov/authorities/names/n79032924
"Bryan, William Jennings, 1860-1925.","Taft, William H. (William Howard), 1857-1930",http://id.loc.gov/authorities/names/n79022244
"Bryant, Everett.","Bryant, Everett Lloyd, 1864-1945",http://id.loc.gov/authorities/names/nr2002020191
"Buchele, Luther.","Buchele, Luther H., 1920-",http://id.loc.gov/authorities/names/no2009030897
"Buck, Norman.","Buck, Norman Sydney, 1892-1964",http://id.loc.gov/authorities/names/n86124991
"Bullard, Perry.","Bullard, Walter Perry",http://id.loc.gov/authorities/names/n00066879
"Burgoyne, John.","Burgoyne, John, 1722-1792",http://id.loc.gov/authorities/names/n50032304
"Burke, Joseph Daniel.","Burke, Dan, 1954-",http://id.loc.gov/authorities/names/n00010692
"Burroughs, Elizabeth.","Coolidge, Mary Roberts, 1860-1945",http://id.loc.gov/authorities/names/n79110578
"Burt, Alvin.","Phillips, Alvin B.",http://id.loc.gov/authorities/names/n81057161
"Burt, George.","Burt, George, 1929-",http://id.loc.gov/authorities/names/no99056749
"Burt, John.","Foster, John Burt, 1945-",http://id.loc.gov/authorities/names/n81046604
"Butler, Eleanor.","Roosevelt, Eleanor Butler, 1889-1960",http://id.loc.gov/authorities/names/n97046493
"Butler, Pierce.","Butler, Pierce, 1886-1953",http://id.loc.gov/authorities/names/n83825966
"Butler, William.","Tagore, Rabindranath, 1861-1941",http://id.loc.gov/authorities/names/n80036680
"Byrnes, James Francis, 1879-1972.","Byrnes, James F. (James Francis), 1882-1972",http://id.loc.gov/authorities/names/n80167019
"Cady, George H., 1906-","Cady, George H. (George Hamilton), 1906-1993",http://id.loc.gov/authorities/names/n88127709
"Cage, John.","Schoenberg, Arnold, 1874-1951",http://id.loc.gov/authorities/names/n80032780
"Caldwell, William E.","Caldwell, W. G. E., 1932-",http://id.loc.gov/authorities/names/n82081801
"Campbell, Albert A.","Campbell, Angus, 1910-1980",http://id.loc.gov/authorities/names/n80046411
"Campbell, B. Hodges.","Hodges, Campbell B. (Campbell Blackshear), 1881-1944",http://id.loc.gov/authorities/names/no2004062403
"Campbell, Jean.","Cooper, J. C. (Jean C.)",http://id.loc.gov/authorities/names/n84169945
"Campbell, Nellie.","Campbell, Nellie M. (Nellie May), 1898-",http://id.loc.gov/authorities/names/n89637959
"Campbell, Robert A.","Campbell, R. (Robert), 1947-",http://id.loc.gov/authorities/names/n83056242
"Campbell, Robert H.","Campbell, H. Robert (Harold Robert), 1958-",http://id.loc.gov/authorities/names/n99043684
"Campbell, Ruth.","Koella, Jennifer Campbell",http://id.loc.gov/authorities/names/n99034904
"Carey, B. W.","Carey, William B.",http://id.loc.gov/authorities/names/n86133169
"Carey, Edward.","Carey, Edward, 1970-",http://id.loc.gov/authorities/names/n00025514
"Carey, John.","Carey, John, 1934-",http://id.loc.gov/authorities/names/n50032409
"Carlisle, William.","Carlisle, George William Frederick Howard, Earl of, 1802-1864",http://id.loc.gov/authorities/names/n79063902
"Carlson, John Roy.","Carlson, John Roy, 1909-",http://id.loc.gov/authorities/names/n85158264
"Carmichael, Stokely.","Makeba, Miriam",http://id.loc.gov/authorities/names/n87875765
"Carpenter, Kurt.","Carpenter, Kurt D.",http://id.loc.gov/authorities/names/n00012541
"Carr, Beatrice.","Maye, Beatrice Carr Jones",http://id.loc.gov/authorities/names/n89661129
"Carrington, Edward.","Boykin, Edward, 1889-1968",http://id.loc.gov/authorities/names/n85016357
"Carroll, Phil.","Carroll, Phil, 1895-",http://id.loc.gov/authorities/names/no96064250
"Casey, William R.","Casey, W. R. (William R.)",http://id.loc.gov/authorities/names/nr92035014
"Cathcart, C. C.","Wason, P. C. (Peter Cathcart)",http://id.loc.gov/authorities/names/n50020833
"Chandler, Henry.","Chandler, Henry W. (Henry William), 1828-1889",http://id.loc.gov/authorities/names/n86843700
"Chang, Wyszie Shionyu.","Chang, Wyszie Shionyu, 1887-",http://id.loc.gov/authorities/names/nr2005015805
"Chaplin, Maxwell.","Chaplin, Maxwell, 1890-1926",http://id.loc.gov/authorities/names/no2011180532
"Charles, Gordon.","Grousset, Paschal, 1844-1909",http://id.loc.gov/authorities/names/n86089026
"Chavis, John.","Chavis, John, 1763-1838",http://id.loc.gov/authorities/names/n00110990
"Chester, Eric.","Chester, Eric Thomas",http://id.loc.gov/authorities/names/n85013250
"Cheyney, Ralph.","Trent, Lucia, 1897-1977",http://id.loc.gov/authorities/names/n85185596
"Childs, B. F.","Childs, Benjamin F., 1814-1863",http://id.loc.gov/authorities/names/n85198569
"Chin, Vincent.","Chin, Vincent, -1982",http://id.loc.gov/authorities/names/no2001077651
"Chinard, Gilbert, 1881-1972.","Jefferson, Thomas, 1743-1826",http://id.loc.gov/authorities/names/n79089957
"Christgau, Oscar Gottlieb.","Christgau, O. G. (Oscar Gottlieb), 1884-1978",http://id.loc.gov/authorities/names/no97070737
"Christian, Palmer.","Palmer, Bernard, 1914-1998",http://id.loc.gov/authorities/names/n79150276
"Chrysler, Richard.","Chrysler, Dick",http://id.loc.gov/authorities/names/n00022025
"Church, F. M.","Hayes, Richard, 1787-1824",http://id.loc.gov/authorities/names/no2010207865
"Church, Frank.","Church, F. Forrester",http://id.loc.gov/authorities/names/n79094123
"Clancey, Thomas.","Clancey, Pat, 1956-",http://id.loc.gov/authorities/names/no93027516
"Clark, Helen.","MacInnes, Helen, 1907-1985",http://id.loc.gov/authorities/names/n80076570
"Clark, Horace.","Clark, Frederic Horace, 1860-1917",http://id.loc.gov/authorities/names/no99015496
"Clark, Mary H.","Clark, Mary H., 1844-1896",http://id.loc.gov/authorities/names/no94018237
"Clark, Noreen M.","Clark, Noreen",http://id.loc.gov/authorities/names/n79132255
"Clarke, Daniel.","Clarke, Edward Daniel, 1769-1822",http://id.loc.gov/authorities/names/nr91023731
"Clarke, Peter.","Clarke, P. F.",http://id.loc.gov/authorities/names/n78020387
"Clements, James.","Clements, James F.",http://id.loc.gov/authorities/names/n80149679
"Coakley, James F.","Coakley, J. F.",http://id.loc.gov/authorities/names/n86112200
"Cogan, James J.","Cogan, William J. (William James), 1919-",http://id.loc.gov/authorities/names/no2003082990
"Cohen, Carl, 1931-","Brandes, Edvard, 1847-1931",http://id.loc.gov/authorities/names/n88075938
"Cohen, Sophie.","Cohën, Anne-Sophie de",http://id.loc.gov/authorities/names/n93085737
"Collier, William W.","Collier, Robert W. (Robert William), 1952-",http://id.loc.gov/authorities/names/no2007104383
"Collins, LeRoy.","DeHaven-Smith, Lance",http://id.loc.gov/authorities/names/n87871768
"Comparet, Bertrand.","Comparet, Bertrand L.",http://id.loc.gov/authorities/names/no2009092495
"Conger, Ivan.","Conger, Ivan A.",http://id.loc.gov/authorities/names/n77010014
"Conn, Jerome W., 1907-1994.","Conn, Jerome W., 1907-",http://id.loc.gov/authorities/names/n2001131310
"Conroy, Catherine.","Conroy, M. Catherine",http://id.loc.gov/authorities/names/n97800238
"Cook, D. B.","Cook, David B. (David Branston)",http://id.loc.gov/authorities/names/n87852423
"Corbin, Gary.","Block, Lawrence",http://id.loc.gov/authorities/names/n79081408
"Courant, Paul.","Allem, Maurice, 1872-1959",http://id.loc.gov/authorities/names/no2009058042
"Cowden, Roy William.","Cowden, R. W. (Roy William)",http://id.loc.gov/authorities/names/n2006097208
"Cowling, Donald J.","Cowling, Donald J. (Donald John), 1880-1965",http://id.loc.gov/authorities/names/n88172869
"Cox, Eugene.","Cox, Eugene L.",http://id.loc.gov/authorities/names/n92051146
"Cox, Viola.","Cox, Ruth, 1926-",http://id.loc.gov/authorities/names/n96044682
"Craig, James B.","Craig, James B., 1920-",http://id.loc.gov/authorities/names/no95026282
"Crane, Charles A.","Crane, Charles Arthur",http://id.loc.gov/authorities/names/n84032566
"Cranefield, Harold A.","Cranefield, Harold A., 1903-1969",http://id.loc.gov/authorities/names/no95051960
"Creighton, Frank W.","Creighton, Frank W. (Frank Whittington), 1879-1948",http://id.loc.gov/authorities/names/n92060759
"Creighton, Joseph.","Creighton, Andrew Joseph, 1904-",http://id.loc.gov/authorities/names/no2003054180
"Creswell, Margaret.","Hewitt, Margaret Cresswell, 1795-",http://id.loc.gov/authorities/names/no2008165701
"Cromwell, James Henry Roberts.","Cromwell, James H. R. (James Henry Roberts), 1896-1990",http://id.loc.gov/authorities/names/n96049284
"Crumb, George.","García Lorca, Federico, 1898-1936",http://id.loc.gov/authorities/names/n79034425
"Cummings, Homer S.","Cummings, Homer S. (Homer Stillé), 1870-1956",http://id.loc.gov/authorities/names/n88639648
"Curley, James M.","Curley, James Michael, 1874-1958",http://id.loc.gov/authorities/names/n96085290
"Curtis, Charles.","Berghofer, Chuck",http://id.loc.gov/authorities/names/n80097084
"Cushman, Katherine Moore.","Cushman, Katherine Moore, 1916-",http://id.loc.gov/authorities/names/n97041550
"Dabney, W. D.","Dabney, Walter D. (Walter Davis), 1853-1899",http://id.loc.gov/authorities/names/no90024242
"Daly, Arnold, 1875-1927.","Cuyvers, Peter",http://id.loc.gov/authorities/names/n2009030729
"Davies, B. L.","Davies, Brian L., 1953-",http://id.loc.gov/authorities/names/n85090366
"Davies, Thomas F.","Davies, Thomas F. (Thomas Frederick), 1793-1865",http://id.loc.gov/authorities/names/nr98038406
"Davis, Chandler.","Davis, J. C. Bancroft (John Chandler Bancroft), 1822-1907",http://id.loc.gov/authorities/names/n85158258
"Davis, Frederick.","Ransome, Stephen, 1902-1977",http://id.loc.gov/authorities/names/no93038127
"Davis, George.","Weiss, George (George David)",http://id.loc.gov/authorities/names/n87146620
"Davis, Joe Lee.","Davis, Joe Lee, 1906-1974",http://id.loc.gov/authorities/names/no2015027911
"Davis, Thomas O.","Davis, Thomas, 1814-1845",http://id.loc.gov/authorities/names/n50035632
"Davis, William L.","Davis, William Lyle, 1893-1971",http://id.loc.gov/authorities/names/n2003075159
"Dawson, Robert.","Dawson, Robert MacGregor, 1895-1958",http://id.loc.gov/authorities/names/n88075278
"Day, Clara.","Day, Clara Baker, 1836-1919",http://id.loc.gov/authorities/names/nr2006005845
"Day, Matthew.","Jackson, Matthew Day, 1974-",http://id.loc.gov/authorities/names/no2009171753
"DeWeese, Carroll.","DeWeese, L. Carroll",http://id.loc.gov/authorities/names/no2007085679
"Dean, George Arthur.","Dean, George (George Arthur), 1931-",http://id.loc.gov/authorities/names/n2009079990
"Delahay, Mark W.","Delahay, Mark W. (Mark William), 1818?-1879",http://id.loc.gov/authorities/names/n97071758
"Denham, Virginia.","Denham, Virginia Shelby",http://id.loc.gov/authorities/names/n92014500
"Dennis, Don.","Dennis, D. J. (Donald James), 1945-",http://id.loc.gov/authorities/names/n93042312
"Dieffenbach, Albert C.","Dieffenbach, Albert C. (Albert Charles), 1876-1963",http://id.loc.gov/authorities/names/no2004023857
"Dodge, Charles Keene, 1844-1918.","Dodge, Charles Richards, 1847-1918",http://id.loc.gov/authorities/names/no97025825
"Dodge, Cynthia.","Dodge, Cynthia, 1900-2001",http://id.loc.gov/authorities/names/no2007025445
"Donnelly, Elaine.","Donnelly, Colleen Elaine",http://id.loc.gov/authorities/names/n89622355
Douglas family.,"Simmons (Family : 1840-1936 : Miss. : Simmons, John Douglas, 1854-1936)",http://id.loc.gov/authorities/names/no2012156101
"Douglas, Emily.","Douglas, Emily M., 1973-",http://id.loc.gov/authorities/names/n2006011843
"Douglass, Benjamin.","Douglass, Benjamin, active 1886",http://id.loc.gov/authorities/names/no2011086151
"Douglass, Joseph.","Douglass, Joseph D.",http://id.loc.gov/authorities/names/n79091889
"Douvan, Elizabeth Ann Malcolm, 1926-","Douvan, Elizabeth, 1925-2002",http://id.loc.gov/authorities/names/n80149252
"Downey, John.","Downey, Robert, Jr., 1965-",http://id.loc.gov/authorities/names/no96015422
"Downey, Sheridan.","Downey, Sheridan, 1884-1961",http://id.loc.gov/authorities/names/nr93040162
"Drake, Margaret.","Barker, Pat, 1943-",http://id.loc.gov/authorities/names/n83178568
"Drake, Richard L.","Drake, Richard L. (Richard Lee), 1950-",http://id.loc.gov/authorities/names/n87870376
"Driscoll, John.","Fitz-Gerald, John D. (John Driscoll), 1873-1946",http://id.loc.gov/authorities/names/n2004021973
"Duff, Robert A.","Duff, Robert A. (Robert Anderson), 1959-",http://id.loc.gov/authorities/names/n97055267
"Dumas, Rhetaugh.","Dumas, Rhetaugh G.",http://id.loc.gov/authorities/names/n87152555
"Dunham, Esther.","Dunham, Esther W. Barrows (Esther Witherall Barrows), 1777-1825",http://id.loc.gov/authorities/names/n92092997
"Dunn, John.","Dunn, John, 1940-",http://id.loc.gov/authorities/names/n83124391
"Durant, Richard.","Cary, Dick, 1916-1994",http://id.loc.gov/authorities/names/no91029606
"Earle, Clifford.","Earle, Clifford J.",http://id.loc.gov/authorities/names/n86078905
"Early, Stephen.","Early, Stephen Tyree, 1923-",http://id.loc.gov/authorities/names/n81004358
"East, Ben.","Dearie, Blossom",http://id.loc.gov/authorities/names/n88629604
"Eaton, Cyrus Stephen, 1883-","Butterfield, L. H. (Lyman Henry), 1909-1982",http://id.loc.gov/authorities/names/n79110224
"Eckstein, Ruth.","Eckstein, Ruth, 1916-",http://id.loc.gov/authorities/names/no2008102694
"Eddy, Robert M.","Eddy, Robert Merrill",http://id.loc.gov/authorities/names/n96115654
"Edwards, Esther.","Edwards, Jonathan, 1703-1758",http://id.loc.gov/authorities/names/n79084179
"Edwards, William J.","Edwards, Jack, 1928-",http://id.loc.gov/authorities/names/no2010136910
"Egan, Patrick.","Egan, Patrick J.",http://id.loc.gov/authorities/names/n2007043979
"Eldon, John.","Gardner, Eldon J. (Eldon John), 1909-1989",http://id.loc.gov/authorities/names/n80020700
"Eldred, Mary.","Eldred, Lynn M.",http://id.loc.gov/authorities/names/no2003012298
"Eldridge, James B.","Eldridge, James B., 1784 or 1785-1864",http://id.loc.gov/authorities/names/nr92003215
"Eliot, Sonny.","Eliot, Sonny, 1922-",http://id.loc.gov/authorities/names/n2007016854
"Elliot, Raymond.","Levitt, Raymond E.",http://id.loc.gov/authorities/names/n79120822
"Ellsworth, Mary.","Ellsworth, Mary Ellen",http://id.loc.gov/authorities/names/n96066356
"Ellsworth, Robert.","Ellsworth, Robert Hatfield, 1929-2014",http://id.loc.gov/authorities/names/n85331737
"Emery, A. G.","Emery, A. G. (Ard G.), 1833-1923",http://id.loc.gov/authorities/names/no2010110752
"Emmerich, Hugo.","Rössler, Helmut, 1903-1982",http://id.loc.gov/authorities/names/n2008007639
"Engle, Glenn.","Engle, Glenn E.",http://id.loc.gov/authorities/names/no2009105861
"English, Colin.","Firth, Colin, 1960-",http://id.loc.gov/authorities/names/no90011053
"English, Richard A.","White, Richard, 1539-1611",http://id.loc.gov/authorities/names/nr93010908
"Estep, Samuel D.","Estep, Samuel D., 1919-2006",http://id.loc.gov/authorities/names/no2015042337
"Evans, David G.","Evans, J. D. G. (John David Gemmill), 1942-2009",http://id.loc.gov/authorities/names/n85377133
"Evans, David S.","Evans, David S. (David Sparks), 1954-",http://id.loc.gov/authorities/names/n84122369
"Evans, Maurice.","Evans, Maurice, 1901-1989",http://id.loc.gov/authorities/names/n85199196
"Evans, Ruth.","Evans, Ruth, 1954-",http://id.loc.gov/authorities/names/n93120553
"Evans, Thomas.","Evans, Thomas W. (Thomas Wiltberger), 1823-1897",http://id.loc.gov/authorities/names/n82118558
"Everett, Franklin.","Bleiler, E. F. (Everett Franklin), 1920-2010",http://id.loc.gov/authorities/names/n79082289
"Eynon, Bret.","Meeropol, Robert",http://id.loc.gov/authorities/names/n85332374
"Faber, E.","Faber, N. E. D. (Niels Erwin Dennis), 1969-",http://id.loc.gov/authorities/names/n2008014936
"Feingold, Eugene N.","Feingold, Eugene",http://id.loc.gov/authorities/names/no00032920
"Feldman, Richard.","Feldman, Richard, 1897-1968",http://id.loc.gov/authorities/names/no95023673
"Felipe, F.","Fernández Cava, Felipe",http://id.loc.gov/authorities/names/n2002039383
"Ferguson, Homer, 1889-1982.","Ferguson, Homer, 1888-1982",http://id.loc.gov/authorities/names/n94123289
"Ferguson, John W.","Ferguson, John W. (John Willison), -1854",http://id.loc.gov/authorities/names/no99050335
"Ferris, Joseph.","Ritchey, Ferris Joseph",http://id.loc.gov/authorities/names/n87819570
"Fisher, Carl G.","Fisher, Carl G. (Carl Graham), 1874-1939",http://id.loc.gov/authorities/names/n91118168
"Fishman, Ellen.","Meeropol, Robert",http://id.loc.gov/authorities/names/n85332374
"Fitting, James Edward.","Fitting, James E. (James Edward)",http://id.loc.gov/authorities/names/n50003228
"FitzGerald, Frank.","FitzGerald, Donald Frank, 1929-",http://id.loc.gov/authorities/names/n50003231
"Flacks, Miriam.","Flacks, Miriam Hartman",http://id.loc.gov/authorities/names/n99026832
"Flaherty, Edward.","O'Flaherty, Edward",http://id.loc.gov/authorities/names/n85251483
"Fleming, Arthur.","Garland, Judy (Spirit)",http://id.loc.gov/authorities/names/n88159205
"Fleming, Sally.","Fleming, Sally, 1954-",http://id.loc.gov/authorities/names/n00006393
"Fletcher, Peter.","Fletcher, Peter, 1896-",http://id.loc.gov/authorities/names/n50064802
"Fletcher, Robert W.","Fletcher, Robert, A.C.S.W.",http://id.loc.gov/authorities/names/nb2011024611
"Florence, Philip.","Florence, P. Sargant (Philip Sargant), 1890-1982",http://id.loc.gov/authorities/names/n50005782
"Florescu, Stefan.","Florescu, Ștefan, 1934-",http://id.loc.gov/authorities/names/n2007084213
"Flynn, John Thomas, 1883-1964.","Flynn, John T., 1882-1964",http://id.loc.gov/authorities/names/n50003601
"Foley, Thomas.","Foley, Thomas S.",http://id.loc.gov/authorities/names/n87870554
"Ford, Clara Bryant, 1866-1950.","Ford, Edsel, 1893-1943",http://id.loc.gov/authorities/names/n88117828
"Ford, William D.","Ford, D. W. Cleverley (Douglas William Cleverley)",http://id.loc.gov/authorities/names/n50024815
"Ford, William F.","Coaker, W. F. (William Ford), 1871-1938",http://id.loc.gov/authorities/names/n87117870
"Foronda, S.","Foronda, Cresencia R. (Cresencia Reyes)",http://id.loc.gov/authorities/names/n84072430
"Foster, Bert.","Emerson, Alice B.",http://id.loc.gov/authorities/names/no99001629
"Foster, Charles W.","Foster, C. W. (Charles Wilmer), 1866-1935",http://id.loc.gov/authorities/names/n92053263
"Francis, Thomas, 1900-","Sanderling, Thomas, 1942-",http://id.loc.gov/authorities/names/no88004142
"Frank, Randy.","Baker, David, 1931-",http://id.loc.gov/authorities/names/n82056913
"Frank, Richard C.","Frank, Richard C., 1963-",http://id.loc.gov/authorities/names/n2008184756
"Frankel, Betty.","Kirschner, Betty Frankel",http://id.loc.gov/authorities/names/n2007032298
"Franklin, Kenneth J.","Franklin, Kenneth J. (Kenneth James), 1897-1966",http://id.loc.gov/authorities/names/n85814371
"Franz, E.","Lenau, Nicolaus, 1802-1850",http://id.loc.gov/authorities/names/n50047816
"Freedman, Deborah S.","Freedman, Deborah S. (Deborah Selin), 1918-2001",http://id.loc.gov/authorities/names/no2005053719
"Freer, Frederick W.","Freer, Frederick W. (Frederick Warren), 1849-1908",http://id.loc.gov/authorities/names/nr95015710
"Friedman, Benjamin.","Friedman, Benjamin M.",http://id.loc.gov/authorities/names/n84014911
"Fuller, David Otis.","Fuller, David Otis, 1903-1988",http://id.loc.gov/authorities/names/n50023714
"Fuller, George Damon.","Fuller, George D. (George Damon), 1869-",http://id.loc.gov/authorities/names/n85804726
"Fuller, Glenn.","Fuller, Glenn, 1929-",http://id.loc.gov/authorities/names/n83185831
"Fyan, Loleta D.","Fyan, Loleta D. (Loleta Dawson), 1894-1990",http://id.loc.gov/authorities/names/no2003102544
"Gaede, Erwin A.","Gaede, Erwin A., 1917-",http://id.loc.gov/authorities/names/n83193425
"Gamble, William.","Gamble, F. W. (Frederick William), 1869-1926",http://id.loc.gov/authorities/names/no2002037890
"Gavin, Leon H.","Gavin, Leon Harry, 1893-1963",http://id.loc.gov/authorities/names/no98125540
"Geddes, John.","MacGregor, Geddes",http://id.loc.gov/authorities/names/n79003983
"Geddes, William.","Geddes, W. R. (William Robert)",http://id.loc.gov/authorities/names/n79110546
"Gelles, Catherine.","Gelles, Catherine, 1907-1985",http://id.loc.gov/authorities/names/n88156619
"George, Emily.","Rix Nicholas, Hilda, 1884-1961",http://id.loc.gov/authorities/names/no2001001481
"Ghani, Ashraf.","Ghani, Ashraf, 1949-",http://id.loc.gov/authorities/names/n89634247
"Gibson, Audrey.","Gibson, Audrey B.",http://id.loc.gov/authorities/names/n96085323
"Gildersleeve, Virginia C.","Gildersleeve, Virginia Crocheron, 1877-1965",http://id.loc.gov/authorities/names/n80010360
"Gillette, Guy M.","Gillette, Guy M. (Guy Mark), 1879-1973",http://id.loc.gov/authorities/names/no92022746
"Gilman, Sid, 1932-","Gilman, Sid",http://id.loc.gov/authorities/names/n80114390
"Gilmore, Horace.","Gilmore, H. H. (Horace Herman), 1903-1996",http://id.loc.gov/authorities/names/no2011068173
"Giltrow, David.","Giltrow, David R.",http://id.loc.gov/authorities/names/n79077090
"Ginsberg, Allen, 1926-","Burroughs, William S., 1914-1997",http://id.loc.gov/authorities/names/n79026862
"Glaser, Donald A.","Glaser, D. A.",http://id.loc.gov/authorities/names/n92804354
"Goff, Kenneth.","Goff, Kenneth, 1915-1972",http://id.loc.gov/authorities/names/no2014140765
"Gomberg, Edith.","Gomberg, Edith Lisansky, 1920-",http://id.loc.gov/authorities/names/n78087179
"Goodman, George.","Smith, Adam, 1723-1790",http://id.loc.gov/authorities/names/n80032761
"Goodman, Grant K.","Goodman, Grant Kohn, 1924-",http://id.loc.gov/authorities/names/n79084415
"Goodman, Judith.","Goodman, Judith C. (Judith Claire), 1958-",http://id.loc.gov/authorities/names/n93053282
"Gordon, Archibald, Sir.","Kinloch, Archibald Gordon, Sir, -1800",http://id.loc.gov/authorities/names/nr92042758
"Goslin, David.","Goslin, David A.",http://id.loc.gov/authorities/names/n50034716
"Gossett, Elizabeth.","Gossett, Elizabeth Hughes, 1907-1981",http://id.loc.gov/authorities/names/no2007017230
"Gossett, William T.","Gossett, Elizabeth Hughes, 1907-1981",http://id.loc.gov/authorities/names/no2007017230
"Gould, Michael.","Ayrton, Michael, 1921-1975",http://id.loc.gov/authorities/names/n50029787
"Graf, Otto.","Bismarck, Otto, Fürst von, 1815-1898",http://id.loc.gov/authorities/names/n79018384
"Graves, Robert.","Graves, Robert, 1895-1985",http://id.loc.gov/authorities/names/n79018421
"Gray, Alan E.","Gray, A. L. (Alan L.)",http://id.loc.gov/authorities/names/n91062147
"Greathouse, Pat.","Greathouse, Pat, 1915-",http://id.loc.gov/authorities/names/n91014469
"Green, Ethel.","Green, Janet, 1914-1993",http://id.loc.gov/authorities/names/nr98005018
"Green, G. F.","Green, Chloë",http://id.loc.gov/authorities/names/n80092807
"Greene, Janet.","Greene, Janet C.",http://id.loc.gov/authorities/names/n50030485
"Gregory, Charles.","Kratzmann, G. C., 1949-",http://id.loc.gov/authorities/names/n79038806
"Gregory, Karl.","Gregori, Ferdinand, 1870-1928",http://id.loc.gov/authorities/names/n84079614
"Gregory, Richard C.","Gregory, Dick",http://id.loc.gov/authorities/names/n50030085
"Griffith, John L.","Griffith, John L., 1931-",http://id.loc.gov/authorities/names/n77006260
"Griggs, Earl Leslie, 1899-","Griggs, Earl Leslie",http://id.loc.gov/authorities/names/nb99169471
"Grigsby, Gail.","Harrison, Gail",http://id.loc.gov/authorities/names/n87931182
"Guthrie, John.","Guthrie, Charles John Guthrie, Lord, 1849-1920",http://id.loc.gov/authorities/names/no94021646
"Haas, Karl.","Haas, Karl, 1900-1970",http://id.loc.gov/authorities/names/no88005907
"Haig, Alexander Meigs, 1924.","Bircher-Benner, Max Oskar, 1867-1939",http://id.loc.gov/authorities/names/n86112807
"Haight, Cameron.","King, Cameron H. (Cameron Haight), 1844-",http://id.loc.gov/authorities/names/no2011096231
"Hale, Warren.","Hale, Philip W. (Philip Warren), 1931-",http://id.loc.gov/authorities/names/no99040166
"Hall, Alice.","Hallard, Alys",http://id.loc.gov/authorities/names/no94027858
"Hall, Charles P.","Hall, Charles P., 1886-",http://id.loc.gov/authorities/names/no2012081636
"Hall, Donald.","Hall, Donald, 1928-",http://id.loc.gov/authorities/names/n79043673
"Halsey, R. H.","Halsey, R. T. Haines (Richard Townley Haines), 1865-1942",http://id.loc.gov/authorities/names/n90602227
"Halstead, J.","Halstead, J. Mark",http://id.loc.gov/authorities/names/n94008758
"Hamilton, Charles D.","Hamilton, Charles D. (Charles Daniel), 1940-",http://id.loc.gov/authorities/names/n90712723
"Hamilton, Guy.","Hamilton, Guy, 1922-",http://id.loc.gov/authorities/names/n92054597
"Hamilton, John W.","Hamilton, J. W. (John William), 1845-1934",http://id.loc.gov/authorities/names/no2003093753
"Hanke, Lewis Ulysses, 1905-","Hanke, Lewis",http://id.loc.gov/authorities/names/n79046640
"Hanna, George.","Ḥannā, Jūrj",http://id.loc.gov/authorities/names/nr92015235
"Hannah, Harold.","Hannah, Harold W. (Harold Winford), 1911-",http://id.loc.gov/authorities/names/n50017727
"Hansen, Gerhard.","Hansen, G. Armauer (Gerhard Armauer), 1841-1912",http://id.loc.gov/authorities/names/n84805707
"Hansen, Hans.","Nolde, Emil, 1867-1956",http://id.loc.gov/authorities/names/n79135037
"Hanson, Eric.","Hanson, Eric John, 1912-",http://id.loc.gov/authorities/names/n50017770
"Hantzsch, A.","Hantzsch, Arthur Rudolf, 1857-1935",http://id.loc.gov/authorities/names/nr99004035
"Hardy, Ralph W.","Hardy, Ralph W. F., 1934-",http://id.loc.gov/authorities/names/n96016906
"Hargitt, Edward.","Hargitt, Edward, 1835-1895",http://id.loc.gov/authorities/names/nr92029679
"Harlow, Charles.","Harlow, Charles Vendale",http://id.loc.gov/authorities/names/n50026019
"Harmon, Tom.","Harmon, Thomas, 1939-",http://id.loc.gov/authorities/names/n79041600
"Harrington, Donald.","Harrington, Donald Szantho",http://id.loc.gov/authorities/names/n81128280
"Harris, Frederick Brown.","Harris, Frederick Brown, 1883-1970",http://id.loc.gov/authorities/names/n99019559
"Harris, Robert J.","Harris, R. J. C. (Robert John Cecil), 1922-",http://id.loc.gov/authorities/names/n50028281
"Harris, Virginia.","Aksan, Virginia H.",http://id.loc.gov/authorities/names/n94087239
"Harris, William.",Martianus Capella,http://id.loc.gov/authorities/names/n80083555
"Harrison, Alice.","Bahr, Alice Harrison",http://id.loc.gov/authorities/names/n77013294
"Harrison, Henry.","Harrison, Harry, 1925-2012",http://id.loc.gov/authorities/names/n79070047
"Hartke, Vance.","Hartke, Vance, 1919-2003",http://id.loc.gov/authorities/names/n50026746
"Hartman, Don.","Hartman, Don, 1900-1958",http://id.loc.gov/authorities/names/n88100828
"Harts, William.","Harts, W. W. (William Wright), 1866-1961",http://id.loc.gov/authorities/names/n88079913
"Hassler, Alfred.","Hassler, Alfred, 1910-1991",http://id.loc.gov/authorities/names/n90686389
"Hatch, Henry W.","Hatch, William Henry Paine, 1875-1972",http://id.loc.gov/authorities/names/no92004613
"Hatch, Henry.","Hatch, F. H. (Frederick Henry), 1864-1932",http://id.loc.gov/authorities/names/n50033373
"Hatcher, Anne.","Hatcher, Anne S.",http://id.loc.gov/authorities/names/n87875356
"Hatfield, Patricia.","Hatfield, Patricia A. Jones (Patricia Ann Jones), 1941-",http://id.loc.gov/authorities/names/n92070498
"Hathaway, Mary.","Hathaway, Mary, 1943-",http://id.loc.gov/authorities/names/n92100878
"Hawes, Harry B.","Hawes, Harry Bartow, 1869-1947",http://id.loc.gov/authorities/names/nr95015659
"Hawley, Willis Chatman.","Hawley, Willis C. (Willis Chatman), 1864-1941",http://id.loc.gov/authorities/names/no91007448
"Hayden, Robert Earl.","Hayden, Robert, 1913-1980",http://id.loc.gov/authorities/names/n79046298
"Heafield, John.","Bacon, John H. (John Heafield), 1923-1958",http://id.loc.gov/authorities/names/n84010218
"Heard, Alexander.","Heard, Alexander, 1917-2009",http://id.loc.gov/authorities/names/n50063415
"Heger, Frank.","Heger, Frank J.",http://id.loc.gov/authorities/names/n82129350
"Henderson, Charles B.","Henderson, Charles Belknap, 1873-1954",http://id.loc.gov/authorities/names/n2006166543
"Henderson, Robert.","Henryson, Robert, 1430?-1506?",http://id.loc.gov/authorities/names/n50038125
"Henry, Milton.","Hindus, Milton",http://id.loc.gov/authorities/names/n50034949
"Herbst, William.","Herbst, Wm. P. (William Parker), 1893-",http://id.loc.gov/authorities/names/n96123386
"Hermann, Emil.","Fischer, Emil, 1852-1919",http://id.loc.gov/authorities/names/n86858871
"Hershey, Sharon.","Hershey, Sharon, 1964-",http://id.loc.gov/authorities/names/no95047027
"Herz, Alice.","Herz-Sommer, Alice, 1903-2014",http://id.loc.gov/authorities/names/no2006126758
"Herz, Helga.","Herz, Helga, 1912-2010",http://id.loc.gov/authorities/names/no2014012224
"Hibbard, James.","Hibbard, James Todd",http://id.loc.gov/authorities/names/no2003094364
"Hildebrandt, Herbert W.","Hildebrandt, Herbert William, 1931-",http://id.loc.gov/authorities/names/n81070773
"Hill, Georgia.","Hill, Georgia B.",http://id.loc.gov/authorities/names/n86036572
"Hill, Mary.","Arbuthnot, May Hill, 1884-1969",http://id.loc.gov/authorities/names/n79132029
Hippocrates.,Aesop,http://id.loc.gov/authorities/names/n81066350
"Hoffman, Ellen.","Hoffman, Ellen, 1943-",http://id.loc.gov/authorities/names/n88079437
"Hoffman, Peter.","Hoffman, P. N. (Peter Norman), 1941-",http://id.loc.gov/authorities/names/n78053406
"Holcomb, Paul.","Holcomb, J. Paul",http://id.loc.gov/authorities/names/no99080049
"Holdridge, Herbert C.","Holdridge, Herbert C. (Herbert Charles), 1892-1974",http://id.loc.gov/authorities/names/n90697274
"Holley, James.","Bartlett, James H. (James Holley), 1904-",http://id.loc.gov/authorities/names/nr92021760
"Holmes, Harry.","Holmes, Harry N. (Harry Nicholls), 1879-1958",http://id.loc.gov/authorities/names/n86857892
"Holmes, Susie.","Engalitcheff, Suzanne Bransford Emery Holmes Delitch, 1859-1942",http://id.loc.gov/authorities/names/n97111331
"Horsky, Charles Antone.","Horsky, Charles A. (Charles Antone), 1910-1997",http://id.loc.gov/authorities/names/n81007002
"Host, Margaret.","McBride, Mary Margaret, 1899-1976",http://id.loc.gov/authorities/names/n85067869
"Hourani, George Fadlo.","Marmura, Michael E., 1929-",http://id.loc.gov/authorities/names/n83050909
"Houseman, John.","Houseman, John, 1902-1988",http://id.loc.gov/authorities/names/n79072852
"Howard, Catherine.","Catharine Howard, Queen, consort of Henry VIII, King of England, -1542",http://id.loc.gov/authorities/names/n50056174
"Howard, Martin.","Sable, Martin Howard",http://id.loc.gov/authorities/names/n50015044
"Howe, A. A. DeWolfe.","Howe, M. A. De Wolfe (Mark Antony De Wolfe), 1864-1960",http://id.loc.gov/authorities/names/n50030302
"Howell, Jane.","Howell, Jane (Television director)",http://id.loc.gov/authorities/names/no2014078097
"Howland, William.","Kenney, William Howland",http://id.loc.gov/authorities/names/n85823014
"Hubbard, E. W.","Hubbard, E. W. (Eber W.), 1798 or 1799-1872",http://id.loc.gov/authorities/names/no89020537
"Hubbard, William N.","Hubbard, William N., 1919-",http://id.loc.gov/authorities/names/n2012186478
"Hudson, Charles B.","Hudson, Charles B. (Charles Bradford), 1865-1939",http://id.loc.gov/authorities/names/nr99025897
"Hughes, Arthur.","Hughes, Richard Arthur Warren, 1900-1976",http://id.loc.gov/authorities/names/n50034197
"Humphrey, Watts S.","Humphrey, Watts S., 1927-",http://id.loc.gov/authorities/names/n86140544
"Hunt, H. L.","Hunt, Leigh, 1784-1859",http://id.loc.gov/authorities/names/n80032721
"Hunt, Mary.","Woolls, Blanche",http://id.loc.gov/authorities/names/n79139606
"Hunter, Larry.","Hunter, Lawrence",http://id.loc.gov/authorities/names/n93051791
"Hunting, Joseph.","Hunting, Joseph H.",http://id.loc.gov/authorities/names/n50029703
"Hurja, Emil, 1892-","Hurja, Emil",http://id.loc.gov/authorities/names/n97001811
"Ives, Percy.","Ives, Percy, 1864-1928",http://id.loc.gov/authorities/names/nr2005025978
"Jacobson, Elaine.","Jacobson, Elaine, 1924-",http://id.loc.gov/authorities/names/n95100207
"James, Edward.","Hughes, Ted, 1930-1998",http://id.loc.gov/authorities/names/n79133824
"James, Robert B.","Kent, Robert E.",http://id.loc.gov/authorities/names/n86105739
"Jamison, Andrew.","Jamison, Andrew, 1948-",http://id.loc.gov/authorities/names/n83033631
"Jayne, William.","Jacoby, Billy, 1969-",http://id.loc.gov/authorities/names/no99087131
"Jefferson, Alexander.","Jefferson, Alexander, 1921-",http://id.loc.gov/authorities/names/n2004148363
"Jenkins, Walter.","Burton, Richard, 1925-1984",http://id.loc.gov/authorities/names/n50047800
"Jennings, Al J.","Jennings, Al, 1863-",http://id.loc.gov/authorities/names/no92029229
"Jensen, Martin.","Soya, 1896-1983",http://id.loc.gov/authorities/names/n82097710
"Jerome, William S.","Jerome, William S. (William Sparrow), 1854-",http://id.loc.gov/authorities/names/no95048053
"Johnson, Alfred LeRoy.","Johnson, A. Leroy (Alfred Leroy)",http://id.loc.gov/authorities/names/no2005035677
"Johnson, Arthur L.","Johnson, Arthur L., 1925-2011",http://id.loc.gov/authorities/names/n2008017051
"Johnson, Carl T.","Johnson, Carl T. (Carl Thor), 1938-",http://id.loc.gov/authorities/names/no2012047703
"Johnson, Chester.","Frank, Tenney, 1876-1939",http://id.loc.gov/authorities/names/n50034909
"Johnson, David.","Sharp, William, 1855-1905",http://id.loc.gov/authorities/names/n50022241
"Johnson, Fred.","Johnson, Daniel F. (Daniel Fred), 1953-",http://id.loc.gov/authorities/names/n86027326
"Johnson, Henry.","McGhee, Brownie, 1915-1996",http://id.loc.gov/authorities/names/n82234801
"Johnson, Nelson C.","Johnson, Charles Nelson, 1860-1938",http://id.loc.gov/authorities/names/n84805773
"Johnson, William J.","Johnson, Douglas, 1925-",http://id.loc.gov/authorities/names/nr88008881
"Johnston, Margaret.","Sim, Winnifred",http://id.loc.gov/authorities/names/n85370484
Jones Prophet.,"Jones, Julia, prophet",http://id.loc.gov/authorities/names/n2002127271
"Judd, Dorothy.","Judd, Dorothy H.",http://id.loc.gov/authorities/names/n83167119
"Kahn, Albert.","Kahn, Albert Eugene, 1912-1979",http://id.loc.gov/authorities/names/n79121740
"Kahn, Edgar A.","Kahn, Edgar A. (Edgar Adolph), 1900-",http://id.loc.gov/authorities/names/n95800565
"Kalmbach, Robert.","Kalmbach, James Robert",http://id.loc.gov/authorities/names/n87826998
"Katz, Henry.","Katz, H. W. (Henry William), 1906-",http://id.loc.gov/authorities/names/n87899262
"Katz, Robert.","Katz, Robert, 1933-2010",http://id.loc.gov/authorities/names/n80002289
"Kauper, Paul, 1907-1974.","Kauper, Paul G.",http://id.loc.gov/authorities/names/n79119400
"Kee, John.","Kee, John P.",http://id.loc.gov/authorities/names/n95098994
"Keith, B. C.","Scott, B. K. C. (Brian Keith Colin)",http://id.loc.gov/authorities/names/n82157206
"Keith, Harvey.","Miller, Keith Harvey, 1925-",http://id.loc.gov/authorities/names/n98036250
"Kelley, Alfred.","Kelley, Alfred, 1789-1859",http://id.loc.gov/authorities/names/n87860548
"Kellogg, Remington, 1893-","Kellogg, Remington, 1892-1969",http://id.loc.gov/authorities/names/n87147607
"Kelsey, Mike.","Kelsey, Myron P.",http://id.loc.gov/authorities/names/no2006073949
"Kelsey, Pat.","Graham, Pat (Patricia Kelsey)",http://id.loc.gov/authorities/names/nr95017938
"Kemnitz, Milton.","Kemnitz, Thomas Milton",http://id.loc.gov/authorities/names/n84234812
"Kendall, Calvin N.","Kendall, Calvin Noyes, 1858-1921",http://id.loc.gov/authorities/names/n87916188
"Kennedy, Frank R.","Kennedy, R. F., 1897-",http://id.loc.gov/authorities/names/n50044506
"Kennedy, John S.","Onassis, Jacqueline Kennedy, 1929-1994",http://id.loc.gov/authorities/names/n50002974
"Kennedy, Joseph J.","Kennedy, Joe, Jr., 1923-2004",http://id.loc.gov/authorities/names/n93055342
"Kennedy, Richard L.","Kennedy, Richard (Richard L.)",http://id.loc.gov/authorities/names/n98037555
"Kenworthy, Marion E.","Kenworthy, Marion E. (Marion Edwena), 1891-1980",http://id.loc.gov/authorities/names/n85271927
"Kerry, John.","Kerry, John, 1943-",http://id.loc.gov/authorities/names/no90005472
"Kidd, Thomas I.","Kidd, Thomas I. (Thomas Inglis), 1861?-1941",http://id.loc.gov/authorities/names/no95008415
"Kiesinger, Kurt Georg, 1904-","Arntz, Helmut, 1912-2007",http://id.loc.gov/authorities/names/n50001594
"Kimble, J. M.","Kimble, J. M. (John M.)",http://id.loc.gov/authorities/names/no91027688
"Kimmel, Elizabeth.","Kimmel, Elizabeth Cody",http://id.loc.gov/authorities/names/n97048420
"King, Carolyn.","King, C. M. (Carolyn M.)",http://id.loc.gov/authorities/names/n83198814
"King, Charles.","Charles V, Holy Roman Emperor, 1500-1558",http://id.loc.gov/authorities/names/n79112289
"King, Jean.","Charles XIV John, King of Sweden and Norway, 1763-1844",http://id.loc.gov/authorities/names/n79065096
"King, Keith.","King, John Keith",http://id.loc.gov/authorities/names/no2012070752
"King, Lawrence.","Savall, Jordi",http://id.loc.gov/authorities/names/n81146909
"King, Martin Luther, Jr.","King, Martin Luther, Jr., 1929-1968",http://id.loc.gov/authorities/names/n79084324
"King, Paul H.","King, Paul Hamilton, 1936-",http://id.loc.gov/authorities/names/n80153742
"Kirscht, John P.","Kirscht, John P. (John Patrick)",http://id.loc.gov/authorities/names/no2003122446
"Kister, Frederick.","Kister, Frederick, 1914-2008",http://id.loc.gov/authorities/names/no2014160107
"Klein, Lawrence Robert.","Klein, Lawrence R. (Lawrence Robert), 1920-2013",http://id.loc.gov/authorities/names/n79089349
"Klein, Martin J.","Ehrenfest, Paul, 1880-1933",http://id.loc.gov/authorities/names/n83826301
"Knapp, George.","Knapp, Georg Christian, 1753-1825",http://id.loc.gov/authorities/names/no00015153
"Knauss, Robert L.","Knauss, Robert L., 1931-",http://id.loc.gov/authorities/names/n50043455
"Knox, Harold.","Knox-Shaw, H. (Harold), 1885-",http://id.loc.gov/authorities/names/no99006442
"Koch, Fred C.","Koch, Fred C. (Fred Chase), 1900-1967",http://id.loc.gov/authorities/names/no2011035752
"Kopp, Anton.","Kopp, Anton Ernst",http://id.loc.gov/authorities/names/no2009181930
"Krieger, Louis C.","Krieger, L. C. C. (Louis Charles Christopher), 1873-1940",http://id.loc.gov/authorities/names/n87135721
"Krisch, A. D.","Chamberlain, O. (Owen)",http://id.loc.gov/authorities/names/n85360408
"Krueger, Albert.","Krueger, Albert P., 1902-",http://id.loc.gov/authorities/names/n90722819
"Krueger, Myron.","Krueger, Myron W.",http://id.loc.gov/authorities/names/n82015703
"Kvaran, Einar.","Einar Hjörleifsson Kvaran, 1859-1938",http://id.loc.gov/authorities/names/n99006195
"Kyles, Samuel.","Kyles, Samuel Billy",http://id.loc.gov/authorities/names/no99084769
"LaFayette, Bernard.","LaFayette, Bernard, Jr.",http://id.loc.gov/authorities/names/n90682516
"Lacey, Brian.","Lacey, Brian, 1949-",http://id.loc.gov/authorities/names/n84076224
"Laing, Lionel Hassell.","Laing, Lionel H. (Lionel Hassell)",http://id.loc.gov/authorities/names/n2010040715
"Lamb, Jonathan.","Lamb, Jonathan, 1945-",http://id.loc.gov/authorities/names/n88284527
"Lane, Gertrude.","Lane, Gertrude Battles, -1941",http://id.loc.gov/authorities/names/n96019781
"Lane, Margaret.","Brontë, Charlotte, 1816-1855",http://id.loc.gov/authorities/names/n79054114
"Lane, Mark.","Lane, Mark, 1927-",http://id.loc.gov/authorities/names/n80014424
"Lang, Samuel.","Lange, Samuel Gotthold, 1711-1781",http://id.loc.gov/authorities/names/no2002058896
"Laver, Rod.","Laver, Rodney George",http://id.loc.gov/authorities/names/n50037287
"Lawrence, David, 1888.","Lawrence, David, 1888-1973",http://id.loc.gov/authorities/names/n88002029
"Lee, Jennie.","Lee, Jennie, 1904-",http://id.loc.gov/authorities/names/n81015614
"Lee, Sarah.","Rochefort, Benjamin",http://id.loc.gov/authorities/names/n79070361
"Leonard, Thomas.","Thomas, M. (Antoine Léonard), 1732-1785",http://id.loc.gov/authorities/names/n86812466
"Leslie, Elizabeth A.","Adler, Elisabeth",http://id.loc.gov/authorities/names/n83033656
"Lewis, Charles E.","Wingate, Charles E. L. (Charles Edgar Lewis), 1861-",http://id.loc.gov/authorities/names/n90653875
"Lewis, Earl.","Waldron, Mal, 1925-2002",http://id.loc.gov/authorities/names/n83147700
"Lewis, Henry, 1893-","Pierson, Henry L. (Henry Lewis), 1807-1893",http://id.loc.gov/authorities/names/n85282638
"Lewis, James A.","Lewis, James Andrew, 1953-",http://id.loc.gov/authorities/names/n2001008696
"Lewis, John, 1940 Feb. 21-","Randolph, A. Philip (Asa Philip), 1889-1979",http://id.loc.gov/authorities/names/n50053913
"Lewis, Robert E.","Shibayama, Zenkei, 1894-1974",http://id.loc.gov/authorities/names/n84127590
"Littell, Franklin Hamlin.","Littell, Franklin H. (Franklin Hamlin), 1917-2009",http://id.loc.gov/authorities/names/n50051373
"Littell, Norman M.","Littell, Norman M. (Norman Mather), 1899-1994",http://id.loc.gov/authorities/names/n86007621
"Little, Doris.","Gerra, Doris Anita Little, 1925-",http://id.loc.gov/authorities/names/n98055308
"Lloyd, William B., Jr.","Lloyd, William Bross, 1908-",http://id.loc.gov/authorities/names/n80051426
"Logan, John A.","Logan, John Alexander, 1826-1886",http://id.loc.gov/authorities/names/n79072806
"Lohr, Paul.","Löhr, Paul",http://id.loc.gov/authorities/names/n83025665
"Loomis, Homer.","Pound, Homer L. (Homer Loomis), 1858-1942",http://id.loc.gov/authorities/names/no2008014670
"Loomis, Jonathan.","Loomis, Bennett Jonathan, 1831-",http://id.loc.gov/authorities/names/n2003077243
"Luce, Robert.","Scholz, Wilhelm von, 1874-1969",http://id.loc.gov/authorities/names/nr95021136
"Lutz, Arthur.","Lutz, Charles Arthur",http://id.loc.gov/authorities/names/n88675575
"MacFarland, W. Henry.","MacFarland, W. Henry, Jr., 1921-1996",http://id.loc.gov/authorities/names/no2014142505
"MacLean, Donald, 1839-1903.","Maclean, Donald, M.D.",http://id.loc.gov/authorities/names/n98800071
"MacNeish, Richard S.","Patterson, Thomas C. (Thomas Carl), 1937-",http://id.loc.gov/authorities/names/n80048874
"Mack, John M.","Mack, J. M.",http://id.loc.gov/authorities/names/n88652277
"Maitland, Lester J.","Maitland, Lester J., 1899-1990",http://id.loc.gov/authorities/names/no2005016398
"Malone, Wallace.","Malone, Wallace D.",http://id.loc.gov/authorities/names/no97040986
"Maloney, Francis.","Maloney, William F. (William Francis), 1959-",http://id.loc.gov/authorities/names/no96064782
"Manfred, Frank.","Frank, Manfred, 1945-",http://id.loc.gov/authorities/names/n50025716
"Mann, C. M.","Mann, William M., 1886-1960",http://id.loc.gov/authorities/names/n91026561
"Manning, John L.","Manning, John L. (John Lawrence), 1816-1889",http://id.loc.gov/authorities/names/no00008255
"Marks, Michael.","Hohlbein, Wolfgang, 1953-",http://id.loc.gov/authorities/names/no95039966
"Marquis, Stewart.","Londonderry, Charles Stewart Henry Vane-Tempest-Stewart, Marquess, 1878-1949",http://id.loc.gov/authorities/names/n2004040042
"Marsh, Owen.","Gallagher, Noel",http://id.loc.gov/authorities/names/nr98044744
"Marshall, Margaret.","Marshall, Margaret, 1949-",http://id.loc.gov/authorities/names/n80006815
"Marshall, William.","Walpole, Horace, 1717-1797",http://id.loc.gov/authorities/names/n80126297
"Martin, H. B.","Everaert, Martin",http://id.loc.gov/authorities/names/n86027217
"Martin, Terry.","Martin, Terry (Terry Dean)",http://id.loc.gov/authorities/names/nr98028432
"Marzolf, Marion.","Marzolf, Marion Tuttle",http://id.loc.gov/authorities/names/n79062883
"Mason, Alfred.","Mason, A. E. W. (Alfred Edward Woodley), 1865-1948",http://id.loc.gov/authorities/names/n50043662
"Mason, Emily Virginia.","Mason, Emily V. (Emily Virginia), 1815-1909",http://id.loc.gov/authorities/names/no2004002677
"Mason, Emily.","Mason, Emily, 1932-",http://id.loc.gov/authorities/names/n82100497
"Mason, John G.","Mason, John, 1914-",http://id.loc.gov/authorities/names/n50044102
"Massie, Thalia Fortescue, 1910 or 11-1963.","Massie, Thalia, 1911-1963",http://id.loc.gov/authorities/names/n2005037763
"Masson, David.","Masson, David, 1822-1907",http://id.loc.gov/authorities/names/n80067083
"Masten, C. C.","Masten, C. A. (Cornelius Arthur), 1857-1942",http://id.loc.gov/authorities/names/no98121851
"Matthews, David.","Matthews, David, 1943-",http://id.loc.gov/authorities/names/n80165143
"Matthews, Mildred.","Matthews, Mildred Shapley",http://id.loc.gov/authorities/names/n50000030
"Mayo, Leonard W.","Mayo, Leonard W., 1899-1992",http://id.loc.gov/authorities/names/no2010010530
"Mazrui, Ali Al Amin.","Mazrui, Ali AlʼAmin",http://id.loc.gov/authorities/names/n50078536
"McCarthy, Thomas J.","McCarthy, J. Thomas, 1937-",http://id.loc.gov/authorities/names/n81042937
"McClanahan, Jack.","McClanahan, J. A.",http://id.loc.gov/authorities/names/n2006162772
"McClure, Harry H.","McClure, H. B. (Harry B.)",http://id.loc.gov/authorities/names/n89657294
"McCollum, Walter.","McCollum, Walter R.",http://id.loc.gov/authorities/names/no2005043537
"McCormick, Anne O'Hare.","McCormick, Anne O'Hare, 1880-1954",http://id.loc.gov/authorities/names/no2002041096
"McDowell, C. S.","McDowell, Sally Campbell Preston, 1821-1895",http://id.loc.gov/authorities/names/n00023735
"McEvoy, Joseph P.","McEvoy, J. P. (Joseph P.)",http://id.loc.gov/authorities/names/n97092789
"McGill, Eula.","McGill, Eula, 1911-",http://id.loc.gov/authorities/names/no2008067931
"McKnight, Thomas.","McKnight, Tom L. (Tom Lee), 1928-2004",http://id.loc.gov/authorities/names/n50081697
"McLaren, Walter Wallace.","McLaren, W. W. (Walter Wallace), 1877-1951",http://id.loc.gov/authorities/names/no2003010708
"McMahon, Susan.","McMahon, Susan I.",http://id.loc.gov/authorities/names/n96117102
"McPhail, Hugh D.","McPhail, H. D. (Hugh Duncan), 1915-2001",http://id.loc.gov/authorities/names/n2010026702
"McReynolds, James C.","McReynolds, James Clark, 1862-1946",http://id.loc.gov/authorities/names/n89103731
"Mead, Edwin Doak, 1849-1937.","Bloch, Jan, 1836-1902",http://id.loc.gov/authorities/names/n50082047
"Medico, P.","Topinard, Paul, 1830-1911",http://id.loc.gov/authorities/names/n86801559
"Meeropol, Robert.","Rosenberg, Ethel, 1915-1953",http://id.loc.gov/authorities/names/n50048377
"Mendelssohn-Bartholdy, Felix, 1809-1847.","Tchaikovsky, Peter Ilich, 1840-1893",http://id.loc.gov/authorities/names/n79072979
"Menuhin, Yehudi, 1916-","Shankar, Ravi, 1920-2012",http://id.loc.gov/authorities/names/n50001487
"Merton, Robert King, 1910-","Kuhn, Thomas S.",http://id.loc.gov/authorities/names/n50046179
"Messer, Henry.","Messer, W. (Wendell), 1939-",http://id.loc.gov/authorities/names/n2004039185
"Mesta, Perle.","Mesta, Perle, 1889-1975",http://id.loc.gov/authorities/names/no96015285
"Metcalf, Elinor Gregory.","Metcalf, Elinor Gregory, 1898-1985",http://id.loc.gov/authorities/names/nr2005003912
"Meyer, Alfred G.","Braun, Lily",http://id.loc.gov/authorities/names/n80035261
"Miles, Tom.","Miles, Tom (Tom R.)",http://id.loc.gov/authorities/names/n2009036729
"Miller, Art.","Sutton, Denys",http://id.loc.gov/authorities/names/n79049229
"Miller, Arthur.","Monroe, Marilyn, 1926-1962",http://id.loc.gov/authorities/names/n79055651
"Miller, Ed.","Miller, Ed. L. (Ed. LeRoy), 1937-",http://id.loc.gov/authorities/names/n50061539
"Miller, George.","Miller, George A. (George Armitage), 1920-2012",http://id.loc.gov/authorities/names/n50033671
"Milliken, John.","Thompson, John M. (John Milliken), 1959-",http://id.loc.gov/authorities/names/n97038250
Mineralogy.,"Dufrénoy, A. (Armand), 1792-1857",http://id.loc.gov/authorities/names/n86812441
"Minton, Sherman.","Minton, Sherman A.",http://id.loc.gov/authorities/names/n80060942
"Mitchell, Robert.","Stern, Robert M. (Robert Mitchell), 1927-",http://id.loc.gov/authorities/names/n80008092
"Moessner, Victoria Joan.","Robins, Elizabeth, 1862-1952",http://id.loc.gov/authorities/names/n50061706
"Mohler, Orren, 1908-","Mohler, Orren C. (Orren Cuthbert), 1908-1985",http://id.loc.gov/authorities/names/no2009000442
"Mondale, Joan Adams, 1930-","Mondale, Joan",http://id.loc.gov/authorities/names/n85051237
"Monroney, Mike, 1902-","Monroney, A. S. Mike (Almer Stillwell Mike), 1902-1980",http://id.loc.gov/authorities/names/no2008111590
"Montague, Gilbert H.","Montague, Gilbert Holland, 1880-1961",http://id.loc.gov/authorities/names/no93034764
"Monteith, Alexander.","Monteith, A. H. (Alexander H.)",http://id.loc.gov/authorities/names/nr2001044080
"Monteith, Charles.","Monteith, Charles Norton, 1893-1940",http://id.loc.gov/authorities/names/no2007026383
"Montgomery, Andrew.","Montgomery, Thomas, 1925-",http://id.loc.gov/authorities/names/n85055284
"Moody, Charles D.","Moody, Charles D. (Charles David), 1932-",http://id.loc.gov/authorities/names/no91011953
"Moore, B. T.","Moore, C. B. T. (C. B. Tara)",http://id.loc.gov/authorities/names/nb2009013886
"Moore, Beverly.","Perdue, Bev, 1947-",http://id.loc.gov/authorities/names/no2009044732
"Moore, James W.","Moore, James W., 1947-",http://id.loc.gov/authorities/names/n83148063
"Moore, Samuel.","Moore, Sam, 1935-",http://id.loc.gov/authorities/names/n91053938
"Morgan, Charles.","Morgan, Lady (Sydney), 1783-1859",http://id.loc.gov/authorities/names/n79090070
"Morgan, Edmund Sears.","Morgan, Edmund S. (Edmund Sears), 1916-2013",http://id.loc.gov/authorities/names/n50005822
"Morgan, Gilbert.","Smith, Gilbert Morgan, 1885-1959",http://id.loc.gov/authorities/names/n50013418
"Morgan, James N.","Morgan, James N., 1918-",http://id.loc.gov/authorities/names/n79138747
"Morgan, James.","Martin, Les, 1934-",http://id.loc.gov/authorities/names/n80147082
"Morgan, Sam.","Morgan, Sam B., 1932-",http://id.loc.gov/authorities/names/n81000632
"Morley, Felix, 1894-","Morley, Felix M. (Felix Muskett), 1894-1982",http://id.loc.gov/authorities/names/n79065569
"Morris, Robert, 1943-","Morris, R. J. (Robert John)",http://id.loc.gov/authorities/names/n85137107
"Morris, Robert.","Neurath, Otto, 1882-1945",http://id.loc.gov/authorities/names/n82043653
"Morrow, E. Frederic (Everett Frederic), 1909-","Morrow, E. Frederic (Everett Frederic), approximately 1906-1994",http://id.loc.gov/authorities/names/n80060734
"Morton, Rogers C., 1914-","Morton, Rogers C. B. (Rogers Clark Ballard), 1914-1979",http://id.loc.gov/authorities/names/n50007939
"Muirhead, John Henry, 1855-1940.","Bosanquet, Bernard, 1848-1923",http://id.loc.gov/authorities/names/n50048238
"Muldoon, William.","Muldoon, Patrick, 1968-",http://id.loc.gov/authorities/names/no2008033855
"Mullens, W. H.","Mullens, W. H. (William Herbert), 1866-1946",http://id.loc.gov/authorities/names/n89611942
"Muller, E. B.","Müller, B. E. (Bernhard Eduard)",http://id.loc.gov/authorities/names/n93036409
"Muller, Robert H.","Kerr, Alfred, 1867-1948",http://id.loc.gov/authorities/names/n82017306
"Muller, William.","Peters, John P. (John Punnett), 1852-1921",http://id.loc.gov/authorities/names/n85204621
"Munn, John.","Munn, M. J. (Malcolm John), 1874-1949",http://id.loc.gov/authorities/names/no2006116167
"Murphy, Barbara.","Murphy, Barbara, 1933-",http://id.loc.gov/authorities/names/n81025999
"Murphy, M. J.","Murphy, M. T. J. (Mary Thomas J.), 1904-",http://id.loc.gov/authorities/names/n89617923
"Murphy, Sharon Ann.","Murphy, Sharon, 1955-",http://id.loc.gov/authorities/names/n97102685
"Murray, James E.","Murray, James E. (James Edward), 1876-1961",http://id.loc.gov/authorities/names/n2002022236
"Musser, Benjamin Francis.","Musser, Benjamin Francis, 1889-1951",http://id.loc.gov/authorities/names/no2002114006
"Nader, Ralph, 1934-","Nader, Ralph",http://id.loc.gov/authorities/names/n80067178
"Ness, Eliot, 1903-1957.","Ness, Eliot",http://id.loc.gov/authorities/names/n88282370
"Newcombe, John.","Newcombe, John, 1944-",http://id.loc.gov/authorities/names/n2003113411
"Newman, Pauline.","Newman-Gordon, Pauline, 1925-2010",http://id.loc.gov/authorities/names/n88602245
"Nichols, Joseph.","Eldridge, Florence",http://id.loc.gov/authorities/names/no89001705
"Nicholson, Patrick.","Nicholson, Patrick James, 1921-",http://id.loc.gov/authorities/names/n83214487
"Nickerson, Mark.","Nickerson, Mark I.",http://id.loc.gov/authorities/names/no2015029928
"Nielsen, Bent.","Widerberg, Siv, 1931-",http://id.loc.gov/authorities/names/n78093454
"Norris, Harold.","Hachinski, Vladimir",http://id.loc.gov/authorities/names/n85010226
"Noyes, James.","Noyes, James H.",http://id.loc.gov/authorities/names/n79068601
"Nu, U.","Feng, Menglong, 1574-1646",http://id.loc.gov/authorities/names/n50002569
"O'Brien, Gerald.","O'Brien, Gerald D.",http://id.loc.gov/authorities/names/n89619452
"O'Brien, James F.","O'Brien, James F., 1941-",http://id.loc.gov/authorities/names/no99084410
"O'Brien, John J.","O'Brien, Michael J. (Michael John), 1950-",http://id.loc.gov/authorities/names/n82137405
"O'Brien, Michael.","O'Brien, Fitz James, 1828-1862",http://id.loc.gov/authorities/names/n50038225
"O'Hara, James G.","O'Hara, J. G. (James G.), 1948-",http://id.loc.gov/authorities/names/n86046308
"O'Malley, Patrick J.","O'Malley, J. Pat (James Pat)",http://id.loc.gov/authorities/names/n86105772
"O'Neal, Joe.","Rogers, Joe O'Neal, 1948-",http://id.loc.gov/authorities/names/n86802909
"O'Rourke, Maureen.","Murphy, Maureen O'Rourke",http://id.loc.gov/authorities/names/n86052526
"O'Shaughnessy, John.","O'Shaughnessy, John, 1927-",http://id.loc.gov/authorities/names/n2008077273
"O'Sullivan, James.","O'Sullivan, Vincent",http://id.loc.gov/authorities/names/n50049682
"Oliver, William H.","Oliver, W. H. (William Hosking), 1925-",http://id.loc.gov/authorities/names/n81018529
"Olson, Carl G.","Olson, Carl G., 1895-1989",http://id.loc.gov/authorities/names/n2004073722
"Olson, Charles.","Olson, Charles, 1910-1970",http://id.loc.gov/authorities/names/n78095428
"Olson, Norman.","Olson, N. E. (Norman Everett)",http://id.loc.gov/authorities/names/n91066729
"Osborn, George A.","Osborn, George F. A.",http://id.loc.gov/authorities/names/no2014126713
"Owen, George W.","George, W. O. (William O.)",http://id.loc.gov/authorities/names/n50081743
"Owens, Clara.","Jackson, Clara Owens",http://id.loc.gov/authorities/names/n2007014708
"Page, Douglas H.","Page, Douglas H., Jr.",http://id.loc.gov/authorities/names/no2015020211
"Palmer, Fidelia.","Palmer, Louisa Fidelia, 1886-1982",http://id.loc.gov/authorities/names/no2015040168
"Palmer, John S.","Palmer, John, -approximately 1837",http://id.loc.gov/authorities/names/no91010371
"Palmer, Louisa Fidelia.","Palmer, Louisa Fidelia, 1886-1982",http://id.loc.gov/authorities/names/no2015040168
"Palmer, William B.","Palmer, W. M. (William Mortlock), 1866-",http://id.loc.gov/authorities/names/n2001066164
"Parker, G.","Parker, Geoffrey, 1943-",http://id.loc.gov/authorities/names/n79061400
"Parker, Lucy.","Parker, Lucy V.",http://id.loc.gov/authorities/names/n93123072
"Parran, Thomas.","Parran, Thomas, 1892-1968",http://id.loc.gov/authorities/names/n85056750
"Parsons, Elsie Worthington Clews, 1875-1941.","Main, John, 1874-1941",http://id.loc.gov/authorities/names/no2013087103
"Paschen, F.","Paschen, F. (Friedrich), 1865-1947",http://id.loc.gov/authorities/names/n88605643
"Patrick, William.","Nesbit, E. (Edith), 1858-1924",http://id.loc.gov/authorities/names/n85097242
"Paul, Ray.","Nance, Ray, 1913-1976",http://id.loc.gov/authorities/names/n81071432
"Peabody, Charles.","Peabody, Charles, 1867-1939",http://id.loc.gov/authorities/names/no00047090
"Pearl, Edward E.","Pearl, E. W. (Edward W.)",http://id.loc.gov/authorities/names/n81069368
"Peck, Gregory, 1916-","Bradbury, Ray, 1920-2012",http://id.loc.gov/authorities/names/n79139258
"Peck, William H.","Peck, William H., 1932-",http://id.loc.gov/authorities/names/n87100829
"Penna, D. S. Ferreira.","Penna, Domingos Soares Ferreira, 1818-1888",http://id.loc.gov/authorities/names/no2002054854
"Penrod, John.","Penrod, John R., 1964-",http://id.loc.gov/authorities/names/nr94031552
"Perkins, Frances, 1882-1965.","Perkins, Frances, 1880-1965",http://id.loc.gov/authorities/names/n50012858
"Peterson, John A.","Peterson, John Allen, 1950-",http://id.loc.gov/authorities/names/n85306524
"Petrie, Robert Methven, 1906-","Petrie, R. M.",http://id.loc.gov/authorities/names/no2007052275
"Pettibone, Samuel.","Pettibone, Samuel, 1784-1820",http://id.loc.gov/authorities/names/n95035171
"Phelps, Dudley Maynard, 1897-","Phelps, Dudley Maynard",http://id.loc.gov/authorities/names/nb99122524
"Phillips, Paul.","Edwards, Samuel, 1914-1988",http://id.loc.gov/authorities/names/no90016631
"Phillips, Thomas Wharton, 1874-1956.","Phillips, Thomas W., 1874-",http://id.loc.gov/authorities/names/n96047247
"Piconke, Joseph.","Piconke, Joseph, 1909-",http://id.loc.gov/authorities/names/no95043502
"Pierce, William J.","Pierce, William J. (William James), 1921-2004",http://id.loc.gov/authorities/names/no2011087816
"Pinkney, Edward.","Pinkney, Edward Coote, 1802-1828",http://id.loc.gov/authorities/names/nr91012018
"Piper, Horace.","Piper, H. Beam",http://id.loc.gov/authorities/names/n81081941
"Pittman, Carter.","Pittman, R. Carter (Robert Carter), 1898-",http://id.loc.gov/authorities/names/no99016006
"Pollard, William.","Gaskell, Elizabeth Cleghorn, 1810-1865",http://id.loc.gov/authorities/names/n80010119
"Porter, David R.","Porter, David R. (David Randall), 1955-",http://id.loc.gov/authorities/names/no2009039631
"Porter, Kenneth.","Kirkwood, Kenneth P. (Kenneth Porter), 1899-1968",http://id.loc.gov/authorities/names/no96039873
"Post, E. M.","Post, Elisabeth Maria, 1755-1812",http://id.loc.gov/authorities/names/n85036337
"Potter, John M.","Potter, John M. (John McEwen)",http://id.loc.gov/authorities/names/n85090219
"Potts, Robert L.","Potts, Robert W. L. (Robert William Latelle), 1911-1999",http://id.loc.gov/authorities/names/n2007013550
"Powell, John.","Powell, John Wesley, 1834-1902",http://id.loc.gov/authorities/names/n50019556
"Pressey, Edward Pearson.","Pressey, Edward Pearson, 1869-",http://id.loc.gov/authorities/names/n98074542
"Pressman, Lee.","Pressman, Lee, 1906-1969",http://id.loc.gov/authorities/names/n88028134
"Price, William George.","Boyd, Franklyn",http://id.loc.gov/authorities/names/no2006052514
"Priest, J. Percy.","Priest, J. Percy (James Percy), 1900-1956",http://id.loc.gov/authorities/names/no2012099463
"Proctor, Alexander Phimister, 1862-1950.","Proctor, Alexander Phimister, 1860-1950",http://id.loc.gov/authorities/names/no00066049
"Proud, Paul.","Proud, Paul, 1949-",http://id.loc.gov/authorities/names/no2006084440
"Putnam, William.","Bundy, William P., 1917-2000",http://id.loc.gov/authorities/names/n81025964
"Rademacher, Paul.","Rademacher, Paul, 1952-",http://id.loc.gov/authorities/names/n2009003947
"Rademaker, John.","Rademaker, John Adrian, 1905-",http://id.loc.gov/authorities/names/no2007023019
"Raff, George.","Raff, George W. (George Wertz), 1825-1888",http://id.loc.gov/authorities/names/n85351848
"Ramos, Alfredo.","Ramos Campos, Alfredo J.",http://id.loc.gov/authorities/names/nr90013832
"Randall, J. Herman.","Randall, John Herman, Jr., 1899-1980",http://id.loc.gov/authorities/names/n50053906
"Randall, Mercedes.","Randall, Mercedes M. (Mercedes Moritz), 1895-1977",http://id.loc.gov/authorities/names/n90683214
"Randall, Roswell.","Hoes, Roswell Randall, 1850-1921",http://id.loc.gov/authorities/names/n80065782
"Ranger, Roy.","Sullivan, Roy C. (Roy Cleveland), 1912-1983",http://id.loc.gov/authorities/names/nb2013005271
"Rapaport, David.","Rapoport, Davyd",http://id.loc.gov/authorities/names/no91012448
"Rappaport, Roy A., 1926-1997.","Rappaport, Roy A.",http://id.loc.gov/authorities/names/n79142808
"Rasmussen, Martin.","Rasmussen, Petur Martin",http://id.loc.gov/authorities/names/n88054141
"Rasmussen, Susan.","Rasmussen, Susan J., 1949-",http://id.loc.gov/authorities/names/n85247085
"Raymond, Philip.","Hargreaves, R. P.",http://id.loc.gov/authorities/names/n50022361
"Re, Vittorio.","Garibaldi, Giuseppe, 1807-1882",http://id.loc.gov/authorities/names/n79021124
"Reece, Carroll, 1889-","Reece, B. Carroll (Brazilla Carroll), 1889-1961",http://id.loc.gov/authorities/names/no96033189
"Reed, Stanley F.","Reed, Stanley Foster",http://id.loc.gov/authorities/names/n80111461
"Reid, Doris.","Reid, Doris Fielding",http://id.loc.gov/authorities/names/no2004087527
"Reilly, Lawrence.","Reilly, Lawrie, 1928-2013",http://id.loc.gov/authorities/names/no2011141722
"Remley, Frederick.","Remley, Frederick A. (Frederick Alderson), 1858-",http://id.loc.gov/authorities/names/no98121476
"Reyes, Linda.","Colón Reyes, Linda Ivette",http://id.loc.gov/authorities/names/n83183233
"Reynolds, Barbara.","Tranter, Nigel G., 1909-2000",http://id.loc.gov/authorities/names/n50014666
"Reynolds, Fred.","Reynolds, Fred D.",http://id.loc.gov/authorities/names/no97035514
"Richards, Russell.","Treasure, G. R. R. (Geoffrey Russell Richards)",http://id.loc.gov/authorities/names/n84156977
"Riggs, Henry Earle, 1865-1949.","Riggs, Henry Earle, 1865-",http://id.loc.gov/authorities/names/n89670882
"Riley, Thomas.","Riley, Henry T. (Henry Thomas), 1816-1878",http://id.loc.gov/authorities/names/n88627784
"Rivera, R.","Rivera, Robbie",http://id.loc.gov/authorities/names/no2006008172
"Roberts, Roy.","Roberts, Albert R.",http://id.loc.gov/authorities/names/n80090187
"Robertson, Charles.","Robertson, Charles Grant, Sir, 1869-1948",http://id.loc.gov/authorities/names/n82044595
"Robertson, Pat.","Buckingham, Jamie",http://id.loc.gov/authorities/names/n79128077
"Robinson, C. J.","Robinson, J. C. (John Charles), Sir, 1824-1913",http://id.loc.gov/authorities/names/no99040607
"Robinson, Dolly Lowther.","Robinson, Dollie Lowther",http://id.loc.gov/authorities/names/n90683176
"Rockefeller, Laurance Spelman.","Rockefeller, Nelson A. (Nelson Aldrich), 1908-1979",http://id.loc.gov/authorities/names/n50049079
"Rodgers, Patricia.","Rodgers, Patricia H.",http://id.loc.gov/authorities/names/n84144876
"Rogers, Vivian.","Rogers, G. V. (Guy Vivian), 1935-",http://id.loc.gov/authorities/names/nb2009008833
"Roijen, J. H. van (Jan Herman)","Roijen, Jan Herman van, 1905-1991",http://id.loc.gov/authorities/names/n2002047586
"Romney, Lenore LaFount.","Romney, Lenore, 1908-1998",http://id.loc.gov/authorities/names/no2014077245
"Roosevelt, G. Hall.","Roosevelt, Hall, 1891-1941",http://id.loc.gov/authorities/names/n91045118
"Roosevelt, Janet.","Katten, Janet Roosevelt",http://id.loc.gov/authorities/names/n91053319
"Roper, Daniel C.","Roper, Daniel C. (Daniel Calhoun), 1867-1943",http://id.loc.gov/authorities/names/n88274975
"Ross, Douglas, 1942-","MacKinnon, Ross D.",http://id.loc.gov/authorities/names/n87857177
"Ross, Edward Alsworth, 1866-1951.","Wiese, Leopold von, 1876-1969",http://id.loc.gov/authorities/names/n86827670
"Ross, Linda.","Anderson, Linda R., 1950-",http://id.loc.gov/authorities/names/n86066830
"Ross, Robert.","Ross, Robert Baldwin, 1869-1918",http://id.loc.gov/authorities/names/n82041096
"Rowe, Grant.","Rowe, H. G. (Henry Grant), 1870-1934",http://id.loc.gov/authorities/names/no95051274
"Roxas, Manuel.","Roxas, Manuel A., 1892-1948",http://id.loc.gov/authorities/names/no00045005
"Royce, Lewis.","Lewis, Royce C.",http://id.loc.gov/authorities/names/n77005939
"Rubin, Gayle.","Vivien, Renée, 1877-1909",http://id.loc.gov/authorities/names/n80004241
"Russell, Diarmuid.","Russell, Diarmuid, -1973",http://id.loc.gov/authorities/names/n90691100
"Russell, Dorothy.","Berkeley, Anthony, 1893-1971",http://id.loc.gov/authorities/names/n79140991
"Russell, Joseph A.","Russell, J. A. (Joseph Albert), 1909-",http://id.loc.gov/authorities/names/no97003216
"Russell, Kathleen.","Russell, Kathleen (Kathleen Margaret)",http://id.loc.gov/authorities/names/no2006005327
"Sample, Sally.","Aall, Sally Sample, 1926-",http://id.loc.gov/authorities/names/n88039687
"Sargent, Francis.","Sargent, John R. (John Reid)",http://id.loc.gov/authorities/names/no2012020239
"Satterthwaite, Joseph C.","Satterthwaite, Joseph C. (Joseph Charles), 1900-",http://id.loc.gov/authorities/names/n90648112
"Sawyer, H. E.","Sawyer, Elbert H. (Elbert Henry), 1843-",http://id.loc.gov/authorities/names/no97012424
"Schlenker, Martin.","Schlenker, Dr. (Max), 1883-",http://id.loc.gov/authorities/names/no92028486
"Schreiber, Allan.","Schreiber, Allan W.",http://id.loc.gov/authorities/names/n2001114406
"Schuler, Hans.","Schüler, Volker, 1939-",http://id.loc.gov/authorities/names/nr97035776
"Schuman, Howard.","Schuman, William, 1910-1992",http://id.loc.gov/authorities/names/n79131982
"Schwarz, John J. H.","Schwarz, Joe, 1937-",http://id.loc.gov/authorities/names/n2006087737
"Scott, Jessie.","Burnham, Janet Hayward",http://id.loc.gov/authorities/names/n99017073
"Scott, John A.","Scott, John Anthony, 1916-",http://id.loc.gov/authorities/names/n50005947
"Scott, Walter Quincy.","Scott, W. (Walter), 1846-",http://id.loc.gov/authorities/names/no93004007
Scripps family.,Scripps (Family : 1818-1924 : U.S.),http://id.loc.gov/authorities/names/no2013080055
"Seabrook, William, b. 1887.","Seabrook, William, 1884-1945",http://id.loc.gov/authorities/names/n87125947
"Sears, John.","Sears, John F., 1941-",http://id.loc.gov/authorities/names/n85093459
"Seitz, Frederick, 1911-","Compton, Arthur Holly, 1892-1962",http://id.loc.gov/authorities/names/n50030032
"Seni Pramoj, M. R., 1905-","Kukrit Pramoj, M.R.",http://id.loc.gov/authorities/names/n81072051
"Sewell, John.","Murray, John, 1737-1793",http://id.loc.gov/authorities/names/nr91020824
"Sexton, Mary.","Sexton, Mary E.",http://id.loc.gov/authorities/names/n83071872
"Seymour, James.","Seymour, A. J. (Arthur J.)",http://id.loc.gov/authorities/names/n83196292
"Shafroth, Morrison.","Shafroth, Morrison, 1888-1978",http://id.loc.gov/authorities/names/n2010072170
"Shapiro, Samuel.","Shapiro, Samuel S.",http://id.loc.gov/authorities/names/n81096092
"Sharpe, Richard Bowdler.","Sharpe, Richard Bowdler, 1847-1909",http://id.loc.gov/authorities/names/n87151105
"Shelly, Florence.","Glover, Shelly-lynn Florence",http://id.loc.gov/authorities/names/n95099247
"Sheng, Bright.","Sheng, Bright, 1955-",http://id.loc.gov/authorities/names/nr91044004
"Shull, Aaron Franklin, 1881-1961.","Shull, A. Franklin (Aaron Franklin), 1881-",http://id.loc.gov/authorities/names/n87828117
"Sibley, Joseph.","Sibley, Joseph Crocker, 1850-1926",http://id.loc.gov/authorities/names/n80060822
"Sifferath, N. L.","Sifferath, Nicholas Louis, 1828-1898",http://id.loc.gov/authorities/names/no2012157755
"Sinclair, Daniel.","Sinclair, Daniel B.",http://id.loc.gov/authorities/names/no89017093
"Sinclair, William.","Sinclair, Stuart W.",http://id.loc.gov/authorities/names/n77015878
"Singer, Dorothea Waley.","Singer, Dorothea Waley, 1884-",http://id.loc.gov/authorities/names/no90025030
"Skousen, Cleon.","Skousen, W. Cleon (Willard Cleon), 1913-2006",http://id.loc.gov/authorities/names/n82043211
"Slater, Kenneth.","Slater, K. B. (Kenneth Burton), 1917-2005",http://id.loc.gov/authorities/names/no2008044765
"Sloan, Herbert.","Sloan, Herbert, 1914-",http://id.loc.gov/authorities/names/n00120652
"Smathers, William H.","Smathers, William H. (William Howell), 1891-1955",http://id.loc.gov/authorities/names/n85185685
"Smelser, Neil J.","Erikson, Erik H. (Erik Homburger), 1902-1994",http://id.loc.gov/authorities/names/n79026879
"Smith, Alene.","Smith, Sheila Alene, 1957-",http://id.loc.gov/authorities/names/n90670924
"Smith, Clyde.","Smith, Clyde H.",http://id.loc.gov/authorities/names/n50013374
"Smith, Frederick.","Betjeman, John, 1906-1984",http://id.loc.gov/authorities/names/n80034100
"Smith, Glanville.","Smith, Peter D. G. (Peter Donald Glanville), 1943-",http://id.loc.gov/authorities/names/nb90205570
"Smith, Gordon W.","Smith, Gordon Whitford, 1934-",http://id.loc.gov/authorities/names/n50013422
"Smith, Grace.","Richmond, Grace S. (Grace Smith), 1866-1959",http://id.loc.gov/authorities/names/n90608121
"Smith, Harold J.","Smith, H. J., 1930-",http://id.loc.gov/authorities/names/n87842802
"Smith, Hazel Littlefield.","Littlefield, Hazel, 1889-1988",http://id.loc.gov/authorities/names/no2013106002
"Smith, Henry D.","Smith, Henry D., II (Henry DeWitt), 1940-",http://id.loc.gov/authorities/names/n81117348
"Smith, Jim.","Smith, James, 1945-2010",http://id.loc.gov/authorities/names/n83187758
"Smith, L. Z.","Smith, Z. L. (Zeger Ludwig)",http://id.loc.gov/authorities/names/no97003650
"Smith, Mark W.","Smith, Mark W., 1968-",http://id.loc.gov/authorities/names/n2004089966
"Smith, Pringle.","Smith, J. J. Pringle",http://id.loc.gov/authorities/names/n91114875
"Smith, Robert R.","Surtees, Robert Smith, 1805-1864",http://id.loc.gov/authorities/names/n79054704
"Smith, Talbot.","Smith, John Talbot, 1855-1923",http://id.loc.gov/authorities/names/n85204703
"Snyder, George.","Snyder, George L. (George Leonard), 1927-",http://id.loc.gov/authorities/names/n84042723
"Sparrow, Frederick K. (Frederick Kroeber), 1903-1977.","Sparrow, F. K. (Frederick Kroeber), 1903-",http://id.loc.gov/authorities/names/n85805088
"Spencer, Bradley.","Spencer, David Bradley",http://id.loc.gov/authorities/names/no2002069622
"Spencer, Sheldon.","Sheldon, Hezekiah Spencer, 1820-",http://id.loc.gov/authorities/names/n86143293
"Spivak, Lawrence Edmund.","Spivak, Lawrence E. (Lawrence Edmund), 1900-1994",http://id.loc.gov/authorities/names/n92012663
"Spurr, Stephen Hopkins.","Spurr, Stephen H., 1918-1990",http://id.loc.gov/authorities/names/n50028542
"St. Marie, Buffy.","Sainte-Marie, Buffy",http://id.loc.gov/authorities/names/n88124625
"Stalin, Joseph, 1879-1953.","Stalin, Joseph, 1878-1953",http://id.loc.gov/authorities/names/n80044789
"Stark, Lloyd C.","Stark, Lloyd Crow, 1886-1972",http://id.loc.gov/authorities/names/n92014202
"Steele, John Dutton.","Steele, J. Dutton (John Dutton), 1810-1886",http://id.loc.gov/authorities/names/nr93003770
"Stein, Clarence S.","MacMahon, Aline, 1899-1991",http://id.loc.gov/authorities/names/n88100731
"Steneck, Nicholas H.","Steneck, Nicholas H. (Nicholas Hans), 1940-",http://id.loc.gov/authorities/names/n83198095
"Stephan, Max Paul.","Stephan, Max Paul, 1892-1952",http://id.loc.gov/authorities/names/n92085138
"Stephen, John.","Pütter, Johann Stephan, 1725-1807",http://id.loc.gov/authorities/names/n89628565
"Stephens, E. W.","Stephens, Steve",http://id.loc.gov/authorities/names/no2001066914
"Stephens, James.","Russell, George William, 1867-1935",http://id.loc.gov/authorities/names/n79124616
"Stephens, Yvonne.","Boom, Taka",http://id.loc.gov/authorities/names/no98050242
"Stephenson, Joe.","Stephenson, Joe, Dr.",http://id.loc.gov/authorities/names/n90659038
"Sterling, Edward Boker.","Sterling, E. B. (Edward Boker), 1851-1925",http://id.loc.gov/authorities/names/n85204638
"Stevens, Frederic B.","Stevens, Frederic B. (Frederic Bliss), 1871-1947",http://id.loc.gov/authorities/names/no2009002381
"Stevens, Roy.","Stevens, G. R. (George Roy), 1895-",http://id.loc.gov/authorities/names/n50045751
"Stokes, Donald Elkinton, 1927-","Stokes, Donald E.",http://id.loc.gov/authorities/names/n50010410
"Storrow, Helen Osborne.","Storrow, Helen Osborne, 1864-1944",http://id.loc.gov/authorities/names/n2008165069
"Stout, Rex, 1886-1975.","Gardner, Erle Stanley, 1889-1970",http://id.loc.gov/authorities/names/n79071101
"Stratton, William B.","Stratton, Mary Chase Perry, 1867-1961",http://id.loc.gov/authorities/names/nr2005010938
"Straus, Nathan.","Straus, Oscar, 1870-1954",http://id.loc.gov/authorities/names/n81003162
"Strauss, Lewis Lichtenstein, 1896-","Strauss, Lewis L.",http://id.loc.gov/authorities/names/n84114498
"Strickland, Walter.","Strickland, Walter William, 1851-1938",http://id.loc.gov/authorities/names/no2010086011
"Stuart, Jesse, 1907-","Stuart, Jesse, 1906-1984",http://id.loc.gov/authorities/names/n79018157
"Sugden, Howard.","Sugden, Howard F.",http://id.loc.gov/authorities/names/n87880230
"Sullivan, Carol.","Spafford, Carol A.",http://id.loc.gov/authorities/names/n94038789
"Sutherland, R. S.","Rattray, R. S. (Robert Sutherland), 1881-1938",http://id.loc.gov/authorities/names/n50054007
"Swain, Henry H.","Swain, R. H. A. (Richard Henry Austin)",http://id.loc.gov/authorities/names/n83318807
"Swanson, Carl A.","Swanson, Carl A., 1960-",http://id.loc.gov/authorities/names/nr2003039482
"Swift, Wesley.","Swift, Lloyd W. (Lloyd Wesley), 1932-",http://id.loc.gov/authorities/names/n87804277
"Talbert, Edward.","Talbert, Ansel Edward, 1912-1987",http://id.loc.gov/authorities/names/no2013139260
"Taylor, Helen M.","Taylor, H. M. (Helen Margaret), 1896-",http://id.loc.gov/authorities/names/no2003057925
"Taylor, Philo.","Farnsworth, Philo Taylor, 1906-1971",http://id.loc.gov/authorities/names/n88268721
"Taylor, Wallace.","Taylor, Michael, 1959 March 18-",http://id.loc.gov/authorities/names/n00010151
"Teahan, William.","Teahan, William W.",http://id.loc.gov/authorities/names/n96022262
"Teeri, James.","Terri, James A., 1944-",http://id.loc.gov/authorities/names/n86858171
"Tenney, Jack B.","Tenney, Jack B. (Jack Breckinridge), 1898-1970",http://id.loc.gov/authorities/names/no91001170
"Tevebaugh, John.","Tevebaugh, John L. (John Leslie), 1926-",http://id.loc.gov/authorities/names/n98061353
"Thomas, Jesse O.","Thomas, Jesse O., 1885-",http://id.loc.gov/authorities/names/n94100996
"Thomas, Jonathan.","Sheridan, Thomas, 1719-1788",http://id.loc.gov/authorities/names/n50023062
"Thompson, Charlie.","Thompson, Charles D., Jr. (Charles Dillard), 1956-",http://id.loc.gov/authorities/names/no98128044
"Thompson, Dorothy, 1894-1961.","Thompson, Dorothy, 1893-1961",http://id.loc.gov/authorities/names/n85185570
"Thompson, George.","Thomason, George, -1666",http://id.loc.gov/authorities/names/n85114773
"Thompson, Harold R.","Thompson, Harold (Harold R.)",http://id.loc.gov/authorities/names/n98108177
"Thompson, Hugh, 1902-","Thompson, Hugh Miller, 1830-1902",http://id.loc.gov/authorities/names/no2004072788
"Thompson, James Westfall, 1869-1941.","Sarton, George, 1884-1956",http://id.loc.gov/authorities/names/n50019341
"Thompson, Richard W.","Thompson, Richard W. (Richard Wigginton), 1809-1900",http://id.loc.gov/authorities/names/n88660651
"Thomson, J. A.","Thomson, J. Arthur (John Arthur), 1861-1933",http://id.loc.gov/authorities/names/n87832420
"Tobin, Daniel J.","Tobin, Daniel Joseph, 1875-1955",http://id.loc.gov/authorities/names/n2004115597
"Todd, Willie.","Todd, Willie Grier, 1909-",http://id.loc.gov/authorities/names/n88622409
"Tomlinson, Mathew.","Tomlinson, Mathew J.",http://id.loc.gov/authorities/names/n2009180062
"Trapido, Harold.","Trapido, Harold, 1916-1991",http://id.loc.gov/authorities/names/n2015181500
"Trent, Lucia.","Trent, Lucia, 1897-1977",http://id.loc.gov/authorities/names/n85185596
"Trowbridge, C. A.","Trowbridge, Arthur C. (Arthur Carleton), 1885-",http://id.loc.gov/authorities/names/n86873176
"Truth, Sojourner, d. 1883.","Truth, Sojourner, 1799-1883",http://id.loc.gov/authorities/names/n79138780
"Tunell, George Gerard.","Tunell, George G. (George Gerard)",http://id.loc.gov/authorities/names/no89011435
"Turner, James.","Turner, J. M. W. (Joseph Mallord William), 1775-1851",http://id.loc.gov/authorities/names/n79060712
"Turner, William F.","Turner, William F., 1924-",http://id.loc.gov/authorities/names/n98086941
"Tydings, Millard E.","Tydings, Millard E. (Millard Evelyn), 1890-1961",http://id.loc.gov/authorities/names/n89125911
"Tyler, Dorothy.","Ash, Dorothy L. (Dorothy Louise), 1899-1979",http://id.loc.gov/authorities/names/n86063837
"Tyner, Paul.","McGee, Anita Newcomb, 1864-1940",http://id.loc.gov/authorities/names/n96067367
"Ulrich, Fred.","Kocks, U. F.",http://id.loc.gov/authorities/names/n89661740
University of Michigan. Dept. of Mathematics.,"Kay, David C., 1933-",http://id.loc.gov/authorities/names/n82005027
"Untermeyer, Louis, 1885-1977.","Frost, Robert, 1874-1963",http://id.loc.gov/authorities/names/n79005644
"Upjohn, E. Gifford.","Upjohn, E. Gifford (Everett Gifford), 1904-1993",http://id.loc.gov/authorities/names/no2010105359
"Upjohn, William E.","Upjohn, W. E. (William Erastus), 1853-1932",http://id.loc.gov/authorities/names/no2014119040
"Urban, Otto.","Urban, Otto M.",http://id.loc.gov/authorities/names/no2003098475
"Utley, Freda, 1898-","Utley, Freda, 1899-1978",http://id.loc.gov/authorities/names/nr88010244
"Vail, Aaron.","Vail, Eugene A.",http://id.loc.gov/authorities/names/n2002126058
"Van Doren, Carl, 1885-1950.","Crane, Stephen, 1871-1900",http://id.loc.gov/authorities/names/n81023065
"Van Wylen, Gordon John.","Van Wylen, Gordon J. (Gordon John), 1920-",http://id.loc.gov/authorities/names/n81107930
"Van Zoeren, Jay.","Van Zoeren, Steven Jay",http://id.loc.gov/authorities/names/nr88011064
"Vander Zee, A.","Van der Zee, Henri A. (Henri Antony), 1934-",http://id.loc.gov/authorities/names/n50082186
"Veering, Jan.","Veering, J. (Jan)",http://id.loc.gov/authorities/names/no2008166293
"Veltman, Martinus.","Bell, J. S.",http://id.loc.gov/authorities/names/n85802438
"VerMeulen, James.","Vermeulen, James P., 1949-",http://id.loc.gov/authorities/names/n87920763
"Vinovskis, Maris.","Vinovskis, Maris A., 1943-",http://id.loc.gov/authorities/names/n80065930
"Vose, George.","Vose, George L. (George Leonard), 1831-1910",http://id.loc.gov/authorities/names/n87812297
"Wagman, Frederick H.","Wagman, Frederick Herbert, 1912-1994",http://id.loc.gov/authorities/names/no98058751
"Wagner, Rudolph.","Blumenbach, Johann Friedrich, 1752-1840",http://id.loc.gov/authorities/names/n84027133
"Walden, Paul, 1863-1957.","Walden, Paul, 1863-",http://id.loc.gov/authorities/names/n86858550
"Walker, Mary.","Oodgeroo Noonuccal, 1920-1993",http://id.loc.gov/authorities/names/n86029295
"Wallace, Richard J.","Wallace, Richard J. (Richard John), 1943-",http://id.loc.gov/authorities/names/n00009370
"Wallace, W. Atwood.","Atwood, Wallace Walter, 1872-1949",http://id.loc.gov/authorities/names/n87827121
"Wallenberg, Raoul.","Wallenberg, Raoul, 1912-1947",http://id.loc.gov/authorities/names/n79125870
"Walter, Erich Albert.","Walter, Erich A. (Erich Albert), 1897-1977",http://id.loc.gov/authorities/names/no2006093828
"Walther, G. von.","Krenner, Walther G. von, 1976-",http://id.loc.gov/authorities/names/n2013008988
"Warren, Charles.","Damien, Saint, Father, 1840-1889",http://id.loc.gov/authorities/names/n79056770
"Washington, Forrester B.","Washington, Forrester B., 1887-",http://id.loc.gov/authorities/names/n96023815
"Waters, D. R.","Waters, Hugh",http://id.loc.gov/authorities/names/n00138665
"Waters, Martha.","Waters, Martha, 1787-1855",http://id.loc.gov/authorities/names/n91072339
"Waters, Otis.","Waters, Willard O. (Willard Otis), 1871-",http://id.loc.gov/authorities/names/nr95037917
"Watson, Andrew.","Watson, Andrew G.",http://id.loc.gov/authorities/names/n82054713
"Weatherly, Arthur.","Weatherly, Arthur L.",http://id.loc.gov/authorities/names/n90687564
"Weeks, John W.","Moore, John W. (John Weeks), 1807-1889",http://id.loc.gov/authorities/names/n50004280
"Wegman, Myron E.","Wegman, Myron E., 1908-",http://id.loc.gov/authorities/names/n98801972
"Weinman, Richard.","Weinman, Richard (Richard C.)",http://id.loc.gov/authorities/names/no2007125454
"Weinstein, Arnold.","Morris, Joan, 1943-",http://id.loc.gov/authorities/names/n82099779
"Weisskopf, Thomas E.","Weisskopf, Victor Frederick, 1908-2002",http://id.loc.gov/authorities/names/n79127118
"Welch, Robert.","Welch, Robert, 1947-2013",http://id.loc.gov/authorities/names/n80118789
"Werner, Frederick.","Werner, Friedrich Bernhard, 1690-1778",http://id.loc.gov/authorities/names/nr97045210
"West, Russell.","West-Pavlov, Russell, 1964-",http://id.loc.gov/authorities/names/n2001038969
"Westerman, Fred.","Westerman, Fred A.",http://id.loc.gov/authorities/names/no2002025222
"Weston, J. W.","Evans, Robert John Weston",http://id.loc.gov/authorities/names/n50014111
"White, Alfred.","Franklin, Alfred White, 1905-1984",http://id.loc.gov/authorities/names/n50025736
"White, B. Joseph.","White, Joseph Blanco, 1775-1841",http://id.loc.gov/authorities/names/n50058642
"White, Joseph B.","White, Joseph Blanco, 1775-1841",http://id.loc.gov/authorities/names/n50058642
"White, William C.","Paradis, Adrian A.",http://id.loc.gov/authorities/names/n80104372
"Whitehead, Edward.","Whitehead, E. A.",http://id.loc.gov/authorities/names/n50024342
"Whittemore, W. Frank.","Abrams, Frank W. (Frank Whittemore), 1889-1976",http://id.loc.gov/authorities/names/no2009163705
"Wieland, Heinrich, 1877-1957.","Wieland, H. (Heinrich), 1877-",http://id.loc.gov/authorities/names/n90611313
"Wiener, Richard.","Wiener, Richard, 1941-",http://id.loc.gov/authorities/names/n82130243
"Wilcox, Ella Wheeler, 1850-1919.","Molesworth, Mrs., 1839-1921",http://id.loc.gov/authorities/names/n79115912
"Wild, George.","Sneppfius, Theodoricus, 1525-1586",http://id.loc.gov/authorities/names/no2011022228
"Wilder, Thornton, 1897-1975.","Williams, Tennessee, 1911-1983",http://id.loc.gov/authorities/names/n79090096
Williams family.,Williams (Family : 1862- : Georgia),http://id.loc.gov/authorities/names/no2014049898
"Williams, Frank.","Williams, Robbie",http://id.loc.gov/authorities/names/nb98018889
"Williams, Harrison A.","Williams, Harrison A., Jr., 1919-2001",http://id.loc.gov/authorities/names/n81102027
"Williams, Joseph W.","McPherson, J. W. (Joseph Williams), 1866-1946",http://id.loc.gov/authorities/names/n85109025
"Williams, Ralph.","Vaughan Williams, Ralph, 1872-1958",http://id.loc.gov/authorities/names/n79139255
"Wilson, Betty Douglas.","Wilson, Betty Douglas, 1906-",http://id.loc.gov/authorities/names/no2005060055
"Wilson, George.","Knight, G. Wilson (George Wilson), 1897-1985",http://id.loc.gov/authorities/names/n79091196
"Wilson, Linda.","Wilson-Pauwels, Linda",http://id.loc.gov/authorities/names/n88019707
"Wilson, Robert.","Wilson, R. McNair (Robert McNair), 1882-1963",http://id.loc.gov/authorities/names/n82080719
"Witte, John.","Witte, John, 1959-",http://id.loc.gov/authorities/names/n87879377
"Wolfe, Arthur C.","Wolfe, Arthur, 1916-",http://id.loc.gov/authorities/names/nb2003113558
"Wolfe, Joan.","Wolfe, Joan, active 1574",http://id.loc.gov/authorities/names/nr2004037565
"Wolff, Stephen.","Wolff, Stephen William, 1958-",http://id.loc.gov/authorities/names/n87847448
"Wonder, Stevie.","Jackson, Michael, 1958-2009",http://id.loc.gov/authorities/names/n83133203
"Wood, Leonard, 1860-1927.","McAdoo, W. G. (William Gibbs), 1863-1941",http://id.loc.gov/authorities/names/n86111164
"Wood, Robert E.","Hegel, Georg Wilhelm Friedrich, 1770-1831",http://id.loc.gov/authorities/names/n79021767
"Wood, W. W.","Campbell, John W., Jr. (John Wood), 1910-1971",http://id.loc.gov/authorities/names/n81063251
"Woodcock, Leonard.","Woodcock, Christopher L. F.",http://id.loc.gov/authorities/names/n50020535
"Woods, Donald W.","Winnicott, D. W. (Donald Woods), 1896-1971",http://id.loc.gov/authorities/names/n50015907
"Woods, Dorothy.","Woods, Dorothy C.",http://id.loc.gov/authorities/names/n87809901
"Woods, Gloria.","Rendt, Gloria Woods, 1941-",http://id.loc.gov/authorities/names/n77013308
"Woodside, Willson.","Woodside, Willson, 1905-1991",http://id.loc.gov/authorities/names/no2012142900
"Woody, Ann.","Woody, Carol Ann",http://id.loc.gov/authorities/names/no99090950
"Woody, Woodrow W.","Palmer, Woodrow W.",http://id.loc.gov/authorities/names/no2007066854
"Wright, James F.","Wright, J. F. C., (James Frederick Church), 1904-1970",http://id.loc.gov/authorities/names/no2015038550
"Yoder, Thomas.","Yoder Neufeld, Thomas R., 1947-",http://id.loc.gov/authorities/names/n84089853
"Young, John G.","Young, John, 1936-",http://id.loc.gov/authorities/names/n96119780
"Young, Ralph.","Young, Dennis R., 1943-",http://id.loc.gov/authorities/names/n81046995
"Young, Watson.","Watson, Johnny ""Guitar"", 1935-1996",http://id.loc.gov/authorities/names/n89605375
"Zeeman, Pieter, 1865-1943.","Lorentz, H. A. (Hendrik Antoon), 1853-1928",http://id.loc.gov/authorities/names/n83239384
"Zimmerman, Fred R.","Zimmerman, Fred R., 1917-",http://id.loc.gov/authorities/names/n2014077338
